,case_number,time,title
0,案号：（2015）知行字第174号,发布时间：2016-01-01,冯卫东、蒋云飞等与国家知识产权局专利复审委员会行政裁决申诉行政裁定书
1,案号：（2015）知行字第173号,发布时间：2016-01-01,烟台众力电力节能有限公司与国家知识产权局专利复审委员会发明专利申请驳回复审行政纠纷案行政裁定书
2,案号：（2015）知行字第170号,发布时间：2015-11-26,徐宝安与国家知识产权局专利复审委员会其他申诉行政裁定书
3,案号：（2015）知行字第151号,发布时间：2015-11-26,徐宝安与国家知识产权局专利复审委员会其他申诉行政裁定书
4,案号：（2014）知行字第120号,发布时间：2015-11-26,上海多环油烟净化设备有限公司与国家知识产权局专利复审委员会、周展涛行政裁决申诉行政裁定书
5,案号：（2014）知行字第121号,发布时间：2015-11-26,再审申请人大庆大丰能源技术服务有限公司等与被申请人大庆市普罗石油科技有限公司及一审被告、二审上诉人国家知识产权局专利复审委员会发明专利权无效行政纠纷...
6,案号：（2015）知行字第99号,发布时间：2015-11-26,北京派瑞根科技开发有限公司与国家知识产权局行政裁决申诉行政裁定书
7,案号：（2015）知行字第37号,发布时间：2015-11-26,彭文祥与国家知识产权局专利复审委员会行政裁决申诉行政裁定书
8,案号：（2015）知行字第148号,发布时间：2015-11-26,徐宝安与国家知识产权局专利复审委员会其他申诉行政裁定书
9,案号：（2015）知行字第141号,发布时间：2015-11-26,徐宝安与国家知识产权局专利复审委员会其他申诉行政裁定书
10,案号：（2015）知行字第142号,发布时间：2015-11-26,徐宝安与国家知识产权局专利复审委员会其他申诉行政裁定书
11,案号：（2015）知行字第146号,发布时间：2015-11-26,徐宝安与国家知识产权局专利复审委员会其他申诉行政裁定书
12,案号：（2015）知行字第147号,发布时间：2015-11-26,徐宝安与国家知识产权局专利复审委员会其他申诉行政裁定书
13,案号：（2015）知行字第150号,发布时间：2015-11-26,徐宝安与国家知识产权局专利复审委员会其他申诉行政裁定书
14,案号：（2015）知行字第140号,发布时间：2015-11-26,徐宝安与国家知识产权局专利复审委员会其他申诉行政裁定书
15,案号：（2015）知行字第145号,发布时间：2015-11-26,徐宝安与国家知识产权局专利复审委员会局行政裁决申诉行政裁定书
16,案号：（2015）知行字第139号,发布时间：2015-11-26,徐宝安与国家知识产权局专利复审委员会行政裁决申诉行政裁定书
17,案号：（2015）知行字第56号,发布时间：2015-11-26,沙文雄与东莞市鑫晖达机械制造有限公司、国家知识产权局专利复审委员会行政裁决再审复查与审判监督行政裁定书
18,案号：（2015）知行字第8号,发布时间：2015-11-19,朱兴源与国家知识产权局专利复审委员会行政裁决申诉行政裁定书
19,案号：（2015）知行字第156号,发布时间：2015-11-06,黄文哲与国家知识产权局专利复审委员会行政裁决申诉行政裁定书
20,案号：（2014）民申字第2046-1号,发布时间：2015-11-02,知识产权与竞争纠纷民事决定书
21,案号：（2014）知行字第124号,发布时间：2015-10-29,宫保贵与国家知识产权局申诉行政裁定书
22,案号：（2013）行提字第17号,发布时间：2015-10-29,辽宁般若网络科技有限公司与国家知识产权局专利复审委员会行政裁决申诉行政判决书
23,案号：（2014）行提字第13号,发布时间：2015-10-29,中华人民共和国国家知识产权局专利复审委员会与（瑞士）埃利康亚洲股份公司其他审判监督行政判决书
24,案号：（2014）行提字第11号,发布时间：2015-10-29,中华人民共和国国家知识产权局专利复审委员会行政裁决申诉行政判决书
25,案号：（2014）行提字第12号,发布时间：2015-10-29,中华人民共和国国家知识产权局专利复审委员会与（瑞士）埃利康亚洲股份公司其他审判监督行政判决书
26,案号：（2014）知行字第91号,发布时间：2015-10-29,康贝（上海）有限公司与国家知识产权局专利复审委员会行政裁决申诉行政裁定书
27,案号：（2014）知行字第53号,发布时间：2015-10-29,杭州林达工业技术设计研究所与国家知识产权局专利复审委员会行政裁决申诉行政裁定书
28,案号：（2015）行提字第12号,发布时间：2015-10-29,新疆天诚农机具制造有限公司与国家知识产权局专利复审委员会、杨新源申诉民事判决书
29,案号：（2015）知行字70号,发布时间：2015-10-19,湖南千山制药机械股份有限公司、山东新华医疗器械股份有限公司与山东新华医疗器械股份有限公司、国家知识产权局专利复审委员会行政裁决申诉行政裁定书
30,案号：（2014）行提字第32号,发布时间：2015-10-19,朱福奶、翟佑华等与国家知识产权局专利复审委员会行政裁决申诉行政判决书
31,案号：（2014）知行字第92号,发布时间：2015-10-19,何富荣与国家知识产权局专利复审委员会行政裁决申诉行政裁定书
32,案号：（2015）知行字第90号,发布时间：2015-09-30,苏平与国家知识产权局专利复审委员会行政裁决申诉行政裁定书
33,案号：（2015）民申字第406号,发布时间：2015-09-30,广州灵动创想文化科技有限公司与王生玉知识产权与竞争纠纷申请再审民事裁定书
34,案号：（2015）知行字第22号,发布时间：2015-09-30,珠海格力电器股份有限公司、广东美的制冷设备有限公司与广东美的制冷设备有限公司、国家知识产权局专利复审委员会行政裁决申诉行政裁定书
35,案号：（2015）知行字第76号,发布时间：2015-09-30,台州飞跃双星成衣机械有限公司与国家知识产权局专利复审委员会行政裁决再审复查与审判监督行政裁定书
36,案号：（2015）民申字第1272号,发布时间：2015-09-30,北京新华商知识产权代理有限公司、傅发春等与北京新华商知识产权代理有限公司、傅发春等委托合同纠纷申请再审民事裁定书
37,案号：（2015）知行字第53号,发布时间：2015-08-30,王波与国家知识产权局专利复审委员会行政裁决申诉行政裁定书
38,案号：（2014）知行字第70号,发布时间：2015-06-16,王跃平、鲍云长与鲍云长、国家知识产权局专利复审委员会行政裁决申诉行政裁定书
39,案号：（2014）行提字第8号,发布时间：2015-05-05,北京嘉林药业股份有限公司、沃尼尔·朗伯有限与中华人民共和国国家知识产权局专利复审委员会行政裁决审判监督行政判决书
40,案号：（2014）知行字第82号,发布时间：2015-04-29,皇家菲利浦电子有限公司与中华人民共和国国家知识产权局专利复审委员会行政裁决申诉行政裁定书
41,案号：（2014）知行字第105号,发布时间：2015-04-29,山东瀚霖生物技术有限公司与国家知识产权局专利复审委员会行政裁决申诉行政裁定书
42,案号：（2014）知行字第97号,发布时间：2015-04-29,南通明兴科技开发有限公司与国家知识产权局专利复审委员会行政裁决申诉行政裁定书
43,案号：（2014）知行字第71号,发布时间：2015-04-29,佛山市南海佛阳照明有限公司与国家知识产权局专利复审委员会行政裁决再审复查与审判监督行政裁定书
44,案号：（2014）民申字第2046号,发布时间：2015-04-01,张培莲与四川科学技术出版社有限公司、新华文轩出版传媒股份有限公司绵阳书城知识产权与竞争纠纷申请再审民事裁定书
45,案号：（2014）知行字第84号,发布时间：2015-02-04,日本斯倍利亚社股份有限公司与中华人民共和国国家知识产权局专利复审委员会行政裁决申诉行政裁定书
46,案号：（2014）知行字第57号,发布时间：2015-01-29,李耀锋、钟建新等与国家知识产权局专利复审委员会行政裁决申诉行政裁定书
47,案号：（2014）行提字第30号,发布时间：2015-01-21,广州市固达塑料工艺包装有限公司与中华人民共和国国家工商行政管理总局商标评审委员会其他审判监督行政判决书
48,案号：（2014）知行字第48号,发布时间：2015-01-21,汕头市亚联药业有限公司与国家工商行政管理总局商标评审委员会、广东喜之郎集团有限公司其他申诉行政裁定书
49,案号：（2014）知行字第47号,发布时间：2015-01-21,无锡济民可信山禾药业股份有限公司与国家工商行政管理总局商标评审委员会、南京亿华药业有限公司不服行政侵权赔偿决定申诉行政裁定书
50,案号：（2014）知行字第22号,发布时间：2015-01-21,费列罗有限公司与中华人民共和国国家工商行政管理总局商标评审委员会不服行政侵权赔偿决定申诉行政裁定书4
51,案号：（2014）知行字第23号,发布时间：2015-01-21,费列罗有限公司与中华人民共和国国家工商行政管理总局商标评审委员会不服行政侵权赔偿决定申诉行政裁定书
52,案号：（2014）知行字第66号,发布时间：2015-01-21,常州市万鹏电子有限公司与中华人民共和国国家工商行政管理总局商标评审委员会其他申诉行政裁定书
53,案号：（2014）知行字第46号,发布时间：2015-01-21,宝马股份公司与中华人民共和国国家工商行政管理总局商标评审委员会不服行政侵权赔偿决定申诉行政裁定书
54,案号：（2014）民申字第1285号,发布时间：2015-01-21,江苏正通宏泰股份有限公司与常州新东化工发展有限公司技术委托开发合同纠纷申请再审知识产权裁定书
55,案号：（2014）民申字第1710号,发布时间：2015-01-21,罗书彬、重庆市德拉尔塑胶有限责任公司与刘明曦因恶意提起知识产权诉讼损害责任纠纷申请再审民事裁定书
56,案号：（2014）知行字第108号,发布时间：2015-01-16,福建泉州市红苹果家具有限公司与国家工商行政管理总局商标评审委员会、深圳天诚家具有限公司其他申诉行政裁定书
57,案号：（2014）知行字第80号,发布时间：2015-01-16,黑龙江东北虎经贸（集团）有限公司与国家工商行政管理总局商标评审委员会其他申诉行政裁定书
58,案号：（2014）知行字第102号,发布时间：2015-01-16,三丽鸥股份有限公司与中华人民共和国国家工商行政管理总局商标评审委员会其他申诉行政裁定书
59,案号：（2014）知行字第107号,发布时间：2015-01-16,福建泉州市红苹果家具有限公司与国家工商行政管理总局商标评审委员会、深圳天诚家具有限公司其他申诉行政裁定书
60,案号：（2014）知行字第73号,发布时间：2015-01-13,黄金富与国家知识产权局专利复审委员会其他申诉行政裁定书
61,案号：（2014）民申字第1753号,发布时间：2015-01-13,广州市越秀区北斗星科技发展有限公司与东莞市施贝斯电子科技有限公司侵害实用新型专利权纠纷申请再审民事裁定书
62,案号：（2014）民申字第1368号,发布时间：2015-01-07,哈尔滨三环美达机械设备制造有限责任公司与崔士勇、赵小光商业贿赂不正当竞争纠纷申请再审民事裁定书
63,案号：（2014）民申字第1654号,发布时间：2015-01-07,东莞市隆涛电子有限公司与东莞市高鹭昌精密电子有限公司侵害实用新型专利权纠纷申请再审民事裁定书
64,案号：（2014）知行字第55号,发布时间：2015-01-06,陈文与国家知识产权局专利复审委员会其他申诉行政裁定书
65,案号：（2014）知行字第38号,发布时间：2015-01-06,山东天力干燥股份有限公司、国家知识产权局专利复审委员会与库迈拉公司其他申诉行政裁定书
66,案号：（2014）知行字第89号,发布时间：2015-01-06,如东三宝制针有限公司与陈昌泉、国家知识产权局专利复审委员会其他申诉行政裁定书
67,案号：（2014）知行字第2号,发布时间：2015-01-06,赢创德固赛有限责任公司与中华人民共和国国家知识产权局专利复审委员会其他申诉行政裁定书
68,案号：（2014）知行字第77号,发布时间：2015-01-06,姜海与国家知识产权局专利复审委员会其他申诉行政裁定书
69,案号：（2013）知行字第43号,发布时间：2015-01-06,爱立信股份有限公司与中华人民共和国国家知识产权局专利复审委员会其他申诉行政裁定书
70,案号：（2014）知行字第74号,发布时间：2015-01-06,姜海与国家知识产权局专利复审委员会其他申诉行政裁定书
71,案号：（2014）知行字第76号,发布时间：2015-01-06,姜海与国家知识产权局专利复审委员会其他申诉行政裁定书
72,案号：（2014）知行字第69号,发布时间：2015-01-06,慈溪市利刚电子有限公司与贺立平、国家知识产权局专利复审委员会其他申诉行政裁定书
73,案号：（2014）民提字第57号,发布时间：2015-01-06,哈尔滨正林软件开发有限责任公司与华盖创意（北京）图像技术有限公司其他著作权权属侵权纠纷审判监督民事判决书
74,案号：（2014）知行字第75号,发布时间：2015-01-06,蒋小平与上海大众汽车有限公司、国家知识产权局专利复审委员会其他申诉行政裁定书
75,案号：（2014）民申字第1060号,发布时间：2015-01-06,米其林集团总公司与李道伟、森泰达集团有限公司、青岛森麒麟轮胎有限公司侵害商标权纠纷申请再审民事裁定书
76,案号：（2014）民申字第1192号,发布时间：2015-01-06,山东宏济堂阿胶有限公司、栗冠芳与山东宏济堂制药集团有限公司侵害商标权纠纷申请再审民事裁定书
77,案号：（2014）民三终字第6号,发布时间：2015-01-06,东莞市众圣针织有限公司与金发达（福建）鞋塑有限公司、百荣世贸商城管理有限公司、腾讯科技（深圳）有限公司其他商标权权属侵权纠纷二审民事判决书
78,案号：（2014）民提字第30号,发布时间：2015-01-05,宁波富春国际贸易有限公司与江苏苏云医疗器材有限公司、第三人其他发明权与发现权纠纷审判监督民事裁定书
79,案号：（2014）知行字第52号,发布时间：2015-01-05,威海蓝星玻璃股份有限公司与国家知识产权局其他申诉行政裁定书
80,案号：（2014）民申字第1050号,发布时间：2015-01-05,刘晨与南京元鼎机电有限公司侵害外观设计专利权纠纷申请再审民事裁定书
81,案号：（2014）民申字第770号,发布时间：2015-01-05,兄弟工业株式会社、兄弟（中国）商业有限公司与日本兄弟国际工业有限公司、深圳市大地利实业有限公司其他不正当竞争纠纷申请再审民事裁定书
82,案号：（2014）民申字第876号,发布时间：2015-01-05,苏州轻工电机厂与王乃兵侵害商业技术秘密纠纷申请再审民事裁定书
83,案号：（2014）行提字第4号,发布时间：2015-01-05,中华人民共和国国家工商行政管理总局商标评审委员会、家园有限公司与香港雷博有限公司其他审判监督行政判决书
84,案号：（2014）民申字第1319号,发布时间：2015-01-05,高建设与徐水县华光市政建材有限公司侵害实用新型专利权纠纷申请再审民事裁定书
85,案号：（2014）知行字第7号,发布时间：2015-01-04,何俊炘与国家知识产权局专利复审委员会其他申诉行政裁定书
86,案号：（2014）知行字第44号,发布时间：2015-01-04,国家知识产权局专利复审委员会与艾欧史密斯（中国）热水器有限公司不服行政侵权赔偿决定申诉行政裁定书
87,案号：（2014）民申字第1048号,发布时间：2015-01-04,山东新华医疗器械股份有限公司与湖南千山制药机械股份有限公司、华润双鹤药业股份有限公司侵害发明专利权纠纷申请再审民事裁定书
88,案号：（2014）知行字第15号,发布时间：2015-01-04,闫晗与国家知识产权局专利复审委员会不服行政侵权赔偿决定申诉行政裁定书
89,案号：（2014）知行字第8号,发布时间：2015-01-04,瑞士斯特劳勃管道接头有限公司与国家知识产权局专利复审委员会其他申诉行政裁定书
90,案号：（2013）民提字第186号,发布时间：2015-01-04,谢水华、江恩华与陶三宝侵犯专利权纠纷审判监督民事判决书
91,案号：（2014）行提字第8号,发布时间：2015-01-04,沃尼尔·朗伯有限责任公司与中华人民共和国国家知识产权局专利复审委员会、北京嘉林药业股份有限公司其他审判监督行政决定书
92,案号：（2013）知行字第104号,发布时间：2015-01-04,美国微芯科技公司与中华人民共和国国家知识产权局专利复审委员会、上海海尔集成电路有限公司实用新型专利权无效行政纠纷申请再审行政裁定书
93,案号：（2014）民申字第1415号,发布时间：2015-01-04,北京中视精彩影视文化有限公司与山西龙鹏文化传播有限公司合作创作合同纠纷 申请再审知识产权裁定书
94,案号：（2014）民申字第1549号,发布时间：2015-01-04,台州华徽网络技术开发有限公司、国富通信息技术发展有限公司与李丽娟网络域名注册合同纠纷申请再审知识产权裁定书
95,案号：（2013）知行字第115号,发布时间：2015-01-04,淄博临淄万通精细化工有限公司与国家知识产权局专利复审委员会、东明醒狮化工有限责任公司发明专利权无效行政纠纷申请再审民事裁定书
96,案号：（2013）知行字第104号,发布时间：2015-01-04,美国微芯科技公司与中华人民共和国国家知识产权局专利复审委员会、上海海尔集成电路有限公司实用新型专利权无效行政纠纷申请再审行政裁定书
97,案号：（2013）知行字第102号,发布时间：2015-01-04,美国微芯科技公司与中华人民共和国国家知识产权局专利复审委员会、上海海尔集成电路有限公司实用新型专利权无效行政纠纷申请再审行政裁定书
98,案号：（2013）知行字第102号,发布时间：2015-01-04,美国微芯科技公司与中华人民共和国国家知识产权局专利复审委员会、上海海尔集成电路有限公司实用新型专利权无效行政纠纷申请再审行政裁定书
99,案号：（2013）知行字第103号,发布时间：2015-01-04,美国微芯科技公司与中华人民共和国国家知识产权局专利复审委员会、上海海尔集成电路有限公司实用新型专利权无效行政纠纷申请再审行政裁定书
100,案号：（2013）知行字第115号,发布时间：2015-01-04,淄博临淄万通精细化工有限公司与国家知识产权局专利复审委员会、东明醒狮化工有限责任公司发明专利权无效行政纠纷申请再审民事裁定书
101,案号：（2013）知行字第103号,发布时间：2015-01-04,美国微芯科技公司与中华人民共和国国家知识产权局专利复审委员会、上海海尔集成电路有限公司实用新型专利权无效行政纠纷申请再审行政裁定书
102,案号：（2014）民申字第1182号,发布时间：2015-01-04,浙江喜盈门啤酒有限公司与百威英博（中国）销售有限公司、抚州喜盈门啤酒有限公司侵害商标权纠纷申请再审民事裁定书
103,案号：（2014）民提字第34号,发布时间：2015-01-04,深圳市亚冠电子有限公司与深圳市战音科技有限公司侵犯专利权纠纷审判监督民事判决书
104,案号：（2014）民申字第1708号,发布时间：2015-01-04,新疆阿克苏新农通用机械有限责任公司与乌鲁木齐亿能达机械制造有限公司侵害实用新型专利权纠纷申请再审民事裁定书
105,案号：（2013）民提字第112号,发布时间：2015-01-04,艾肯ｉｐ有限公司与济南易邦实业有限公司、北京康安世纪科贸有限公司侵犯专利权纠纷审判监督民事判决书
106,案号：（2014）知行字第99号,发布时间：2015-01-04,北京环能海臣科技有限公司、徐宝安与中华人民共和国国家知识产权局其他申诉行政裁定书
107,案号：（2013）知行字第77号,发布时间：2015-01-04,北京亚东生物制药有限公司与国家知识产权局专利复审委员会其他申诉行政裁定书
108,案号：（2014）民申字第1494号,发布时间：2015-01-04,方合生与浙江致中和实业有限公司侵害商标权纠纷申请再审民事裁定书
109,案号：（2014）知行字第3号,发布时间：2015-01-04,国家知识产权局专利复审委员会与罗添翼其他申诉行政裁定书
110,案号：（2014）民申字第661号,发布时间：2015-01-04,佛山市顺德区龙江镇旗龙电器有限公司与特福简化股份有限公司侵犯专利权纠纷申请再审民事裁定书
111,案号：（2014）知行字第4号,发布时间：2015-01-04,河南省正龙食品有限公司与中华人民共和国国家知识产权局专利复审委员会其他申诉行政裁定书
112,案号：（2014）知行字第54号,发布时间：2015-01-04,朱福奶、翟佑华等与国家知识产权局专利复审委员会、河南全新机电设备有限公司其他申诉行政裁定书
113,案号：（2014）民申字第757号,发布时间：2015-01-04,厦门珈昕偏光科技有限公司与厦门虹泰光电有限公司侵犯专利权纠纷申请再审民事裁定书
114,案号：（2014）知行字第12号,发布时间：2015-01-04,北京美华东方建材有限公司与中华人民共和国国家工商行政管理总局商标评审委员会、国际纤维素公司申请保护注册商标专用权，不予答复申诉行政裁定书
115,案号：（2014）知行字第34号,发布时间：2015-01-04,中华人民共和国国家知识产权局专利复审委员会与LPKF激光和电子股份公司其他申诉行政裁定书
116,案号：（2013）知行字第107号,发布时间：2015-01-02,上海海尔集成电路有限公司与美国微芯科技公司、中华人民共和国国家知识产权局专利复审委员会发明专利权无效行政纠纷申请再审行政裁定书
117,案号：（2013）知行字第107号,发布时间：2015-01-02,上海海尔集成电路有限公司与美国微芯科技公司、中华人民共和国国家知识产权局专利复审委员会发明专利权无效行政纠纷申请再审行政裁定书
118,案号：（2013）民申字第1309号,发布时间：2015-01-01,三星（中国）投资有限公司、惠州三星电子有限公司与福建伊时代信息科技股份有限公司申请再审民事裁定书
119,案号：（2014）民申字第1194号,发布时间：2015-01-01,无锡活力保健品有限公司与杨培康专利权权属、侵权纠纷申请再审民事裁定书
120,案号：（2013）民申字第1310号,发布时间：2015-01-01,三星（中国）投资有限公司、天津三星通信技术有限公司与福建伊时代信息科技股份有限公司申请再审民事裁定书
121,案号：（2014）知行字第51号,发布时间：2014-12-31,京都念慈菴总厂有限公司与京都念安堂制药总厂有限公司、国家工商行政管理总局商标评审委员会其他申诉行政裁定书
122,案号：（2014）民四终字第40号,发布时间：2014-12-29,中国建设银行股份有限公司无锡城北支行与陈建强金融委托理财合同纠纷二审民事裁定书
123,案号：（2014）知行字第45号,发布时间：2014-12-26,广汽丰田汽车有限公司与国家知识产权局专利复审委员会其他申诉行政裁定书
124,案号：（2013）知行字第116号,发布时间：2014-12-26,李澍霖、张旭俊等与国家知识产权局专利复审委员会其他申诉行政裁定书
125,案号：（2014）民四终字第32号,发布时间：2014-12-22,郑建龙与永辉滨江港建设（南京）有限公司、潘树辉股权转让纠纷二审民事裁定书
126,案号：（2014）知行字第83号,发布时间：2014-12-20,国家工商行政管理总局商标评审委员会与广州市紫曦企业管理有限公司其他申诉行政裁定书
127,案号：（2014）知行字第64号,发布时间：2014-12-20,深圳市理邦精密仪器股份有限公司与国家知识产权局专利复审委员会专利复审委员会会其他申诉行政裁定书
128,案号：（2014）民申字第1229号,发布时间：2014-12-20,华为技术有限公司、华为终端有限公司等与中兴通讯股份有限公司、刘建英侵害发明专利权纠纷申请再审民事裁定书
129,案号：（2014）民申字第1230号,发布时间：2014-12-20,华为技术有限公司、华为终端有限公司等与中兴通讯股份有限公司、刘建英权纠纷申请再审民事裁定书
130,案号：（2014）行提字第6号,发布时间：2014-12-19,山西省新绛县绛州澄泥砚研制所与国家工商行政管理总局商标评审委员会其他审判监督行政判决书
131,案号：（2014）行提字第3号,发布时间：2014-12-19,中华人民共和国国家工商行政管理总局商标评审委员会、家园有限公司与香港雷博有限公司其他审判监督行政判决书
132,案号：（2014）民申字第1333号,发布时间：2014-12-19,福建省申雷达卫浴洁具有限公司与九牧厨卫股份有限公司侵害外观设计专利权纠纷申请再审民事裁定书
133,案号：（2014）民申字第1330号,发布时间：2014-12-19,福建省申雷达卫浴洁具有限公司与九牧厨卫股份有限公司侵害外观设计专利权纠纷申请再审民事裁定书
134,案号：（2014）民申字第659号,发布时间：2014-12-19,清新强力凉茶有限公司与杨素媛其他知识产权合同纠纷申请再审民事裁定书
135,案号：（2013）民申字第232号,发布时间：2014-12-19,山东潮霖生物技术有限公司、陈远童、傅深展、曹务波等与雷光、李乃强其他知识产权纠纷申请再审民事裁定书
136,案号：（2014）知行字第21号,发布时间：2014-12-19,雀巢产品有限公司与开平味事达调味品有限公司、中华人民共和国国家工商行政管理总局商标评审委员会其他申诉行政裁定书
137,案号：（2014）民申字第1597号,发布时间：2014-12-18,夏立伟与邱志群、潮州市春秋茶具有限公司侵害外观设计专利权纠纷申请再审民事裁定书
138,案号：（2014）民申字第436号,发布时间：2014-12-17,歌尔声学股份有限公司与美商楼氏电子有限公司、孙娜其他发明权与发现权纠纷申请再审民事裁定书
139,案号：（2014）民申字第767号,发布时间：2014-12-02,云南中云投资有限公司与刘兴实用新型专利转让合同纠纷申请再审民事裁定书
140,案号：（2014）民申字第766号,发布时间：2014-12-02,云南中云投资有限公司与刘兴实用新型专利转让合同纠纷申请再审民事裁定书
141,案号：（2014）民申字第1189号,发布时间：2014-12-02,徐州博后选煤机械有限公司与徐州博后工程机械有限公司侵害企业名称（商号）权纠纷申请再审民事裁定书
142,案号：（2014）民申字第765号,发布时间：2014-12-02,云南中云投资有限公司与刘兴实用新型专利转让合同纠纷申请再审民事裁定书
143,案号：（2014）民提字第47号,发布时间：2014-11-19,佛山市顺德区永冠环保实业发展有限公司与尤今、广州市四海印花有限公司侵犯专利权纠纷审判监督民事裁定书
144,案号：（2014）民申字第658号,发布时间：2014-11-19,百视通网络电视技术发展有限责任公司与乐视网信息技术（北京）股份有限公司、康佳集团股份有限公司其他知识产权合同纠纷申请再审民事裁定书
145,案号：（2014）知行字第1号,发布时间：2014-11-13,张旭东与中华人民共和国国家知识产权局专利复审委员会其他申诉行政裁定书
146,案号：（2014）知行字第40号,发布时间：2014-11-13,刁承泽与国家知识产权局专利复审委员会不服行政侵权赔偿决定申诉行政裁定书
147,案号：（2014）知行字第6号,发布时间：2014-11-13,国家知识产权局专利复审委员会与深圳市理邦精密仪器股份有限公司其他申诉行政裁定书
148,案号：（2013）知行字第108号,发布时间：2014-11-13,中华人民共和国国家工商行政管理总局商标评审委员会、荣华饼家有限公司与苏国荣不服行政侵权赔偿决定申诉行政裁定书
149,案号：（2014）行提字第5号,发布时间：2014-11-05,无赛本社时尚控股有限公司与布克兄弟集团公司其他审判监督行政裁定书
150,案号：（2014）民申字第1193号,发布时间：2014-11-05,刘汉云与深圳市财富趋势科技股份有限公司、无锡市国联证券股份有限公司著作权权属、侵权纠纷申请再审民事裁定书
151,案号：（2013）民三终字第4号,发布时间：2014-10-17,奇虎公司与腾讯公司垄断纠纷上诉案判决书
152,案号：（2013）知行字第12号,发布时间：2014-10-16,再审申请人刘信中与被申请人国家知识产权局专利复审委员会发明专利申请驳回复审行政纠纷再审审查行政裁定书
153,案号：（2013）民提字第164号,发布时间：2014-09-26,赵连华、深圳市阿尔法变频技术有限公司与吕宝伟侵犯专利权纠纷审判监督民事判决书
154,案号：（2014）民申字第771号,发布时间：2014-09-26,广东凯洋医疗科技集团有限公司与佛山市骏能康复器材有限公司一般知识产权合同纠纷申请再审民事裁定书
155,案号：（2014）民申字第110号,发布时间：2014-09-22,中影寰亚音像制品有限公司与湖北广播电视台其他知识产权纠纷申请再审民事裁定书
156,案号：（2014）知行字第11号,发布时间：2014-08-28,姜秀增与国家知识产权局专利复审委员会不服行政侵权赔偿决定申诉行政裁定书
157,案号：（2013）行提字第16号,发布时间：2014-08-28,海阳和一服装辅料有限公司与国家工商行政管理总局商标评审委员会与张相忠其他审判监督行政判决书
158,案号：（2013）知行字第11号,发布时间：2014-08-28,福斯集团公司与中华人民共和国国家知识产权局专利复审委员会与杭州升佳地板销售有限公司其他申诉行政裁定书
159,案号：（2013）知行字第10号,发布时间：2014-08-28,福斯集团公司与中华人民共和国国家知识产权局专利复审委员会与杭州百居易地板制造有限公司其他申诉行政裁定书
160,案号：（2013）民提字第187号,发布时间：2014-08-19,杨建忠、卢炳仙与广东雅洁五金有限公司侵犯专利权纠纷审判监督民事判决书
161,案号：（2013）知行字第106号,发布时间：2014-08-19,淮安新创业运输有限公司与国家知识产权局专利复审委员会与上海中技桩业股份有限公司其他申诉行政裁定书
162,案号：（2013）民提字第113号,发布时间：2014-08-12,上海摩的露可锁具制造厂与上海固坚锁业有限公司侵害实用新型专利权纠纷提审民事判决书
163,案号：（2013）知行字第68号,发布时间：2014-08-12,美国微芯科技公司与中华人民共和国国家知识产权局专利复审委员会等实用新型专利权无效行政纠纷申请再审行政裁定书
164,案号：（2013）知行字第92号,发布时间：2014-08-12,国家知识产权局专利复审委员会与王伟耀等实用新型专利权无效行政纠纷申请再审行政裁定书
165,案号：（2014）民申字第971号,发布时间：2014-08-01,华盖创意（北京）图像技术有限公司与绵阳晚报社的其他著作权权属侵权纠纷申请再审民事裁定书
166,案号：（2013）民申字第2479号,发布时间：2014-07-30,湖北美力高科技实业股份有限公司与荆州市美力世纪房地产开发有限公司一般股东权纠纷申请再审民事裁定书
167,案号：（2013）民提字第55号,发布时间：2014-02-25,华锐风电科技(集团)股份有限公司与苏州美恩超导有限公司(简称美恩超导公司)侵犯计算机软件著作权纠纷提审民事裁定书
168,案号：（2013）民三终字第5号,发布时间：2014-02-25,北京奇虎科技有限公司、奇智软件（北京）有限公司与腾讯科技（深圳）有限公司、深圳市腾讯计算机系统有限公司不正当竞争纠纷案二审民事判决书
169,案号：（2013）知行字第16号,发布时间：2014-01-28,中华人民共和国国家知识产权局专利复审委员会、北京嘉林药业股份有限公司与沃尔尼朗伯有限责任公司、第三人张楚发明专利权无效行政纠纷再审审查行政裁定书
170,案号：（2013）知行字第70号,发布时间：2014-01-26,徐志强与国家知识产权局专利复审委员会、一审第三人中山市金友电器有限公司外观设计专利权无效行政纠纷再审审查行政裁定书
171,案号：（2013）知行字第45号,发布时间：2014-01-26,阿尔法拉瓦尔股份有限公司与中华人民共和国国家知识产权局专利复审委员会等专利行政纠纷再审审查行政裁定书
172,案号：（2013）知行字第109号,发布时间：2014-01-26,泰州现代锋陵农业装备有限公司与株式会社久保田及一审被告、二审被上诉人中华人民共和国国家知识产权局专利复审委员会发明专利权无效行政纠纷再审审查行政裁定...
173,案号：（2013）知行字第28号,发布时间：2014-01-26,李刚与国家知识产权局专利复审委员会、一审第三人微软（中国）有限公司发明专利权行政纠纷再审审查行政裁定书
174,案号：（2013）知行字第110号,发布时间：2014-01-26,泰州现代锋陵农业装备有限公司与株式会社久保田及一审被告、二审被上诉人中华人民共和国国家知识产权局专利复审委员会发明专利权无效行政纠纷再审审查行政裁定...
175,案号：（2013）知行字第85号,发布时间：2014-01-22,美国微芯科技公司与中华人民共和国国家知识产权局专利复审委员会、上海海尔集成电路有限公司实用新型专利权无效行政纠纷再审审查行政裁定书
176,案号：（2013）民申字第470号,发布时间：2014-01-22,汪德洪与杭州图强工程材料有限公司专利权权属纠纷再审审查民事裁定书
177,案号：（2013）知行字第50号,发布时间：2014-01-22,（瑞士）埃利康亚洲股份公司与中华人民共和国国家知识产权局专利复审委员会、刘夏阳、怡锋工业设备（深圳）有限公司发明专利权无效行政纠纷再审审查行政裁定书...
178,案号：（2013）知行字第49号,发布时间：2014-01-22,（瑞士）埃利康亚洲股份公司与中华人民共和国国家知识产权局专利复审委员会、刘夏阳、怡锋工业设备（深圳）有限公司发明专利权无效行政纠纷再审审查行政裁定书...
179,案号：（2013）知行字第36号,发布时间：2014-01-22,李晓乐与国家知识产权局专利复审委员会以及郭伟、沈阳天正输变电设备制造有限责任公司发明专利权无效行政纠纷再审审查行政裁定书
180,案号：（2013）民提字第225号,发布时间：2014-01-22,浙江乐雪儿家居用品有限公司与陈顺弟、何建华、温士丹侵害发明专利权纠纷提审民事判决书
181,案号：（2013）民提字第224号,发布时间：2014-01-22,深圳市科中大交通建材有限公司与陕西百祥实业有限公司、张少高技术合同纠纷提审民事判决书
182,案号：（2013）行提字第21号,发布时间：2014-01-22,株式会社岛野与中华人民共和国国家知识产权局专利复审委员会及宁波赛冠车业有限公司发明专利权无效行政纠纷提审行政判决书
183,案号：（2013）民申字第1198号,发布时间：2014-01-22,王海燕、王海星与王海成、花山区童话量贩式歌厅侵害著作权纠纷再审审查民事裁定书
184,案号：（2013）民申字第1286号,发布时间：2014-01-22,布莱迪公司与邢春玲、天津贝迪安全设备有限公司计算机网络域名纠纷再审审查民事裁定书
185,案号：（2013）行提字第20号,发布时间：2014-01-22,连耀林与国家知识产权局专利复审委员会专利复审行政纠纷提审行政判决书
186,案号：（2013）知行字第48号,发布时间：2014-01-22,（瑞士）埃利康亚洲股份公司与中华人民共和国国家知识产权局专利复审委员会、刘夏阳、怡锋工业设备（深圳）有限公司发明专利权无效行政纠纷再审审查行政裁定书...
187,案号：（2013）民提字第163号,发布时间：2014-01-22,桂林南药股份有限公司与三门峡赛诺维制药有限公司侵害外观设计专利权和擅自使用知名商品特有包装、装潢纠纷提审民事判决书
188,案号：（2013）知行字第51号,发布时间：2014-01-09,再审申请人浙江占士邦服饰有限公司与被申请人中华人民共和国国家工商行政管理总局商标评审委员会、第三人丹乔有限公司商标撤销复审行政纠纷再审审查行政裁定书
189,案号：（2013）民申字第237号,发布时间：2014-01-09,再审申请人玉努司·阿吉与被申请人新疆农资(集团)有限责任公司确认不侵害商标权纠纷再审审查民事裁定书
190,案号：（2013）民申字第717号,发布时间：2014-01-02,北京金关科技有限公司与屈明杰、江苏天益网络信息有限公司计算机软件著作权权属纠纷再审审查民事裁定书
191,案号：（2011）民申字第259号,发布时间：2014-01-02,圆谷制作株式会社、上海圆谷策划有限公司与辛波特·桑登猜、采耀版权有限公司、广州购书中心有限公司、上海音像出版社侵害著作权纠纷再审审查民事裁定书
192,案号：（2013）民申字第309号,发布时间：2014-01-02,潍坊恒联浆纸有限公司与宜宾长毅浆粕有限责任公司、成都鑫瑞鑫塑料有限公司侵犯发明专利权纠纷再审审查民事裁定书
193,案号：（2013）知行字第56号,发布时间：2013-12-30,张志国与国家知识产权局专利复审委员会、陈兆魁外观设计专利权无效行政纠纷再审审查行政裁定书
194,案号：（2013）知行字第76号,发布时间：2013-12-30,杨宝森与国家知识产权局专利复审委员会等实用新型专利权无效行政纠纷再审审查行政裁定书
195,案号：（2013）知行字第34号,发布时间：2013-12-30,李杰因与中山市劲捷摄影器材有限公司等实用新型专利权无效行政纠纷再审审查行政裁定书
196,案号：（2013）民申字第158号,发布时间：2013-12-30,河北宝源工程橡塑有限公司与坦萨土工合成材料（中国）有限公司侵害发明专利权纠纷再审审查民事裁定书
197,案号：（2012）知行字第75号,发布时间：2013-12-30,卡比斯特制药公司与中华人民共和国国家知识产权局专利复审委员会、肖红发明专利权无效行政纠纷再审审查行政裁定书
198,案号：（2013）知行字第53号,发布时间：2013-12-30,李君与国家知识产权局专利复审委员会、单连金实用新型专利权无效行政纠纷再审审查行政裁定书
199,案号：（2013）知行字第89号,发布时间：2013-12-30,云南省药物研究所与国家知识产权局专利复审委员会发明专利权无效行政纠纷再审审查行政裁定书
200,案号：（2013）民申字第1954号,发布时间：2013-12-26,北京网尚文化传播有限公司与珠海市星星火网吧侵害作品信息网络传播权纠纷再审审查民事裁定书
201,案号：（2013）民申字第1957号,发布时间：2013-12-26,北京网尚文化传播有限公司与珠海市新理念网吧侵害作品信息网络传播权纠纷再审审查民事裁定书
202,案号：（2013）民申字第1962号,发布时间：2013-12-26,北京网尚文化传播有限公司与珠海市新境界网络有限公司新青工业园门店、珠海市新境界网络有限公司侵害作品信息网络传播权纠纷再审审查民事裁定书
203,案号：（2013）民申字第1963号,发布时间：2013-12-26,北京网尚文化传播有限公司与珠海市新境界网络有限公司香洲分店、珠海市新境界网络有限公司侵害作品信息网络传播权纠纷再审审查民事裁定书
204,案号：（2013）民申字第1968号,发布时间：2013-12-26,北京网尚文化传播有限公司与珠海市斗门区创盟网络中心侵害作品信息网络传播权纠纷再审审查民事裁定书
205,案号：（2013）民申字第1971号,发布时间：2013-12-26,北京网尚文化传播有限公司与珠海市星幕网吧侵害作品信息网络传播权纠纷再审审查民事裁定书
206,案号：（2013）民申字第1973号,发布时间：2013-12-26,北京网尚文化传播有限公司与珠海市斗门区笑傲江湖网吧侵害作品信息网络传播权纠纷再审审查民事裁定书
207,案号：（2013）民申字第1974号,发布时间：2013-12-26,北京网尚文化传播有限公司与珠海市斗门区阿拉丁网吧侵害作品信息网络传播权纠纷再审审查民事裁定书
208,案号：（2013）民申字第1979号,发布时间：2013-12-26,北京网尚文化传播有限公司与珠海市伊妹儿网吧侵害作品信息网络传播权纠纷再审审查民事裁定书
209,案号：（2013）民申字第1981号,发布时间：2013-12-26,北京网尚文化传播有限公司与珠海市科幻网吧侵害作品信息网络传播权纠纷再审审查民事裁定书
210,案号：（2013）民申字第1984号,发布时间：2013-12-26,北京网尚文化传播有限公司与珠海市斗门区星星网吧侵害作品信息网络传播权纠纷再审审查民事裁定书
211,案号：（2013）民申字第2145号,发布时间：2013-12-26,北京网尚文化传播有限公司与珠海市快乐园网吧侵害作品信息网络传播权纠纷再审审查民事裁定书
212,案号：（2013）民申字第2148号,发布时间：2013-12-26,北京网尚文化传播有限公司与珠海市金湾区零距离网络有限公司侵害作品信息网络传播权纠纷再审审查民事裁定书
213,案号：（2013）民申字第2152号,发布时间：2013-12-26,北京网尚文化传播有限公司与珠海市银湖网吧侵害作品信息网络传播权纠纷再审审查民事裁定书
214,案号：（2013）民申字第2153号,发布时间：2013-12-26,北京网尚文化传播有限公司与珠海市正点网吧侵害作品信息网络传播权纠纷再审审查民事裁定书
215,案号：（2013）民申字第2165号,发布时间：2013-12-26,北京网尚文化传播有限公司与珠海市大网虫网吧侵害作品信息网络传播权纠纷再审审查民事裁定书
216,案号：（2013）民申字第1956号,发布时间：2013-12-26,北京网尚文化传播有限公司与珠海市天好网吧侵害作品信息网络传播权纠纷再审审查民事裁定书
217,案号：（2013）民申字第1965号,发布时间：2013-12-26,北京网尚文化传播有限公司与珠海市飞腾网吧侵害作品信息网络传播权纠纷再审审查民事裁定书
218,案号：（2013）民申字第1967号,发布时间：2013-12-26,北京网尚文化传播有限公司与珠海市东岱网吧侵害作品信息网络传播权纠纷再审审查民事裁定书
219,案号：（2013）民申字第1972号,发布时间：2013-12-26,北京网尚文化传播有限公司与珠海市灵童网吧侵害作品信息网络传播权纠纷再审审查民事裁定书
220,案号：（2013）民申字第1975号,发布时间：2013-12-26,北京网尚文化传播有限公司与珠海市双子星网吧侵害作品信息网络传播权纠纷再审审查民事裁定书
221,案号：（2013）民申字第2146号,发布时间：2013-12-26,北京网尚文化传播有限公司与珠海市富速网络技术有限公司侵害作品信息网络传播权纠纷再审审查民事裁定书
222,案号：（2013）民申字第2149号,发布时间：2013-12-26,北京网尚文化传播有限公司与珠海市香洲红太阳网吧侵害作品信息网络传播权纠纷再审审查民事裁定书
223,案号：（2013）民申字第2155号,发布时间：2013-12-26,北京网尚文化传播有限公司与珠海市霹雳网吧侵害作品信息网络传播权纠纷再审审查民事裁定书
224,案号：（2013）民申字第2157号,发布时间：2013-12-26,北京网尚文化传播有限公司与珠海市斗门区盈动网吧侵害作品信息网络传播权纠纷再审审查民事裁定书
225,案号：（2013）民申字第2160号,发布时间：2013-12-26,北京网尚文化传播有限公司与珠海市意林无限网络有限公司侵害作品信息网络传播权纠纷再审审查民事裁定书
226,案号：（2013）民申字第2164号,发布时间：2013-12-26,北京网尚文化传播有限公司与珠海市香洲飞跃网吧侵害作品信息网络传播权纠纷再审审查民事裁定书
227,案号：（2013）民申字第1955号,发布时间：2013-12-26,北京网尚文化传播有限公司与珠海市自由人网吧侵害作品信息网络传播权纠纷再审审查民事裁定书
228,案号：（2013）民申字第1960号,发布时间：2013-12-26,北京网尚文化传播有限公司与珠海市新新干线网吧侵害作品信息网络传播权纠纷再审审查民事裁定书
229,案号：（2013）民申字第1964号,发布时间：2013-12-26,北京网尚文化传播有限公司与珠海市佳汇电脑有限公司侵害作品信息网络传播权纠纷再审审查民事裁定书
230,案号：（2013）民申字第1982号,发布时间：2013-12-26,北京网尚文化传播有限公司与珠海市内特网吧侵害作品信息网络传播权纠纷再审审查民事裁定书
231,案号：（2013）民申字第1983号,发布时间：2013-12-26,北京网尚文化传播有限公司与珠海市风云动网吧侵害作品信息网络传播权纠纷再审审查民事裁定书
232,案号：（2013）民申字第2142号,发布时间：2013-12-26,北京网尚文化传播有限公司与珠海市一线牵网吧侵害作品信息网络传播权纠纷再审审查民事裁定书
233,案号：（2013）民申字第2143号,发布时间：2013-12-26,北京网尚文化传播有限公司与珠海市斗门区极速之烽网吧侵害作品信息网络传播权纠纷再审审查民事裁定书
234,案号：（2013）民申字第2151号,发布时间：2013-12-26,北京网尚文化传播有限公司与珠海梦工厂电脑网络有限公司侵害作品信息网络传播权纠纷再审审查民事裁定书
235,案号：（2013）民申字第2154号,发布时间：2013-12-26,北京网尚文化传播有限公司与珠海市欢乐无限网吧侵害作品信息网络传播权纠纷再审审查民事裁定书
236,案号：（2013）民申字第2166号,发布时间：2013-12-26,北京网尚文化传播有限公司与广东星盟网络连锁经营有限公司珠海扬名店、广东星盟网络连锁经营有限公司侵害作品信息网络传播权纠纷再审审查民事裁定书
237,案号：（2013）民申字第2167号,发布时间：2013-12-26,北京网尚文化传播有限公司与珠海市时代快吧网吧侵害作品信息网络传播权纠纷再审审查民事裁定书
238,案号：（2013）民申字第1958号,发布时间：2013-12-26,北京网尚文化传播有限公司与珠海市斗门区新新网吧侵害作品信息网络传播权纠纷再审审查民事裁定书
239,案号：（2013）民申字第1959号,发布时间：2013-12-26,北京网尚文化传播有限公司与珠海市浪漫之都网吧侵害作品信息网络传播权纠纷再审审查民事裁定书
240,案号：（2013）民申字第1961号,发布时间：2013-12-26,北京网尚文化传播有限公司与珠海市斗门区井岸联讯网吧侵害作品信息网络传播权纠纷再审审查民事裁定书
241,案号：（2013）民申字第1966号,发布时间：2013-12-26,北京网尚文化传播有限公司与广东星盟网络连锁经营有限公司珠海夏湾店、广东星盟网络连锁经营有限公司侵害作品信息网络传播权纠纷再审审查民事裁定书
242,案号：（2013）民申字第1969号,发布时间：2013-12-26,北京网尚文化传播有限公司与珠海市一千零一页网吧侵害作品信息网络传播权纠纷再审审查民事裁定书
243,案号：（2013）民申字第1976号,发布时间：2013-12-26,北京网尚文化传播有限公司与珠海市愉乐园网吧侵害作品信息网络传播权纠纷再审审查民事裁定书
244,案号：（2013）民申字第1980号,发布时间：2013-12-26,北京网尚文化传播有限公司与珠海市好望阁网吧侵害作品信息网络传播权纠纷再审审查民事裁定书
245,案号：（2013）民申字第1985号,发布时间：2013-12-26,北京网尚文化传播有限公司与珠海市斗门区井岸镇自由休闲网吧侵害作品信息网络传播权纠纷再审审查民事裁定书
246,案号：（2013）民申字第2147号,发布时间：2013-12-26,北京网尚文化传播有限公司与珠海市闪亮天空网吧侵害作品信息网络传播权纠纷再审审查民事裁定书
247,案号：（2013）民申字第2150号,发布时间：2013-12-26,北京网尚文化传播有限公司与珠海市金湾区金榜网吧侵害作品信息网络传播权纠纷再审审查民事裁定书
248,案号：（2013）民申字第2158号,发布时间：2013-12-26,北京网尚文化传播有限公司与珠海市斗门区盛发网吧侵害作品信息网络传播权纠纷再审审查民事裁定书
249,案号：（2013）民申字第2159号,发布时间：2013-12-26,北京网尚文化传播有限公司与珠海宏烨网络服务有限公司侵害作品信息网络传播权纠纷再审审查民事裁定书
250,案号：（2013）民申字第2161号,发布时间：2013-12-26,北京网尚文化传播有限公司与珠海市新时代网吧侵害作品信息网络传播权纠纷再审审查民事裁定书
251,案号：（2013）民申字第2168号,发布时间：2013-12-26,北京网尚文化传播有限公司与珠海市金湾区超智网吧侵害作品信息网络传播权纠纷再审审查民事裁定书
252,案号：（2013）民申字第2169号,发布时间：2013-12-26,北京网尚文化传播有限公司与珠海市富之杰网络技术有限公司侵害作品信息网络传播权纠纷再审审查民事裁定书
253,案号：（2013）民申字第1970号,发布时间：2013-12-26,北京网尚文化传播有限公司与珠海市飞星网吧侵害作品信息网络传播权纠纷再审审查民事裁定书
254,案号：（2013）民申字第1977号,发布时间：2013-12-26,北京网尚文化传播有限公司与珠海市网中人网吧侵害作品信息网络传播权纠纷再审审查民事裁定书
255,案号：（2013）民申字第1978号,发布时间：2013-12-26,北京网尚文化传播有限公司与珠海市震撼网吧侵害作品信息网络传播权纠纷再审审查民事裁定书
256,案号：（2013）民申字第2144号,发布时间：2013-12-26,北京网尚文化传播有限公司与珠海市网想网吧侵害作品信息网络传播权纠纷再审审查民事裁定书
257,案号：（2013）民申字第2156号,发布时间：2013-12-26,北京网尚文化传播有限公司与广东铁通互联网技术有限公司珠海金湾区三灶门店、广东铁通互联网技术有限公司侵害作品信息网络传播权纠纷再审审查民事裁定书
258,案号：（2013）民申字第2162号,发布时间：2013-12-26,北京网尚文化传播有限公司与珠海市小网虫网吧侵害作品信息网络传播权纠纷再审审查民事裁定书
259,案号：（2013）民申字第2163号,发布时间：2013-12-26,北京网尚文化传播有限公司与珠海市新境界网络有限公司五洲花城门店、珠海市新境界网络有限公司侵害作品信息网络传播权纠纷再审审查民事裁定书
260,案号：（2010）知行字第53-1号,发布时间：2013-12-23,再审申请人精工爱普生株式会社与被申请人中华人民共和国国家知识产权局专利复审委员会、郑亚俐、佛山凯德利办公用品有限公司、深圳市易彩实业发展有限公司发明...
261,案号：（2013）民提字第199号,发布时间：2013-12-23,再审申请人上海恒昊玻璃技术有限公司与被申请人余清才侵害外观设计专利权纠纷提审民事判决书
262,案号：（2013）民提字第200号,发布时间：2013-12-23,再审申请人上海恒昊玻璃技术有限公司与被申请人余清才侵害外观设计专利权纠纷提审民事判决书(2)
263,案号：（2013）民申字第1208号,发布时间：2013-12-19,再审申请人深圳市喜德盛自行车有限公司与被申请人深圳市松吉电动自行车有限公司、郭玉棉侵害实用新型专利权纠纷再审审查民事裁定书
264,案号：（2013）民申字第792号,发布时间：2013-12-19,再审申请人河北拓安管业有限公司与被申请人伦慧东侵害发明专利权纠纷再审审查民事裁定书
265,案号：（2013）民申字第1273号,发布时间：2013-12-19,再审申请人青岛太平货柜有限公司与被申请人中国国际海运集装箱（集团）股份有限公司、青岛中集集装箱制造有限公司侵害发明专利权纠纷再审审查民事裁定书
266,案号：（2013）民申字第1283号,发布时间：2013-12-19,再审申请人上海企一商贸发展有限公司与被申请人江苏史福特光电股份有限公司、一审被告傅金惠侵害实用新型专利权纠纷再审审查民事裁定书
267,案号：（2013）知行字第82号,发布时间：2013-12-19,再审申请人闫晗与被申请人国家知识产权局发明专利申请驳回复审行政纠纷再审审查行政裁定书
268,案号：（2013）民申字第1922号,发布时间：2013-12-19,再审申请人无棣县顺德电力器材有限公司与被申请人崔金涛侵害实用新型专利权纠纷再审审查民事裁定书
269,案号：（2013）民申字第1210号,发布时间：2013-12-19,再审申请人招伟佳与被申请人柳敏专利权权属纠纷再审审查民事裁定书
270,案号：（2013）知行字第35号,发布时间：2013-12-19,再审申请人允新方企业股份有限公司与被申请人国家知识产权局专利复审委员会、广东高微晶科技有限公司发明专利权无效行政纠纷再审审查行政裁定书
271,案号：（2013）知行字第22号,发布时间：2013-12-19,再审申请人李卫东与被申请人国家知识产权局专利复审委员会发明专利申请驳回复审行政纠纷再审审查行政裁定书
272,案号：（2013）民四终字第43号,发布时间：2013-12-19,刘基山、张白华与洪安恬及林积育民间借贷纠纷管辖权异议民事裁定书
273,案号：（2013）行提字第18号,发布时间：2013-12-19,再审申请人陈立闽与被申请人国家知识产权局专利复审委员会及一、二审第三人福建省晋江德益建材有限公司外观设计专利权无效行政纠纷提审行政判决书
274,案号：（2013）民申字第1146号,发布时间：2013-12-19,再审申请人北京市捷瑞特弹性阻尼体技术研究中心与被申请人北京金自天和缓冲技术有限公司、王菡夏侵害实用新型专利权纠纷再审审查民事裁定书
275,案号：（2013）知行字第100号,发布时间：2013-12-18,再审申请人北京东方维亿科技有限公司因与被申请人国家工商行政管理总局商标评审委员会、第三人太阳虎公司商标争议行政纠纷再审审查行政裁定书
276,案号：（2013）民申字第722号,发布时间：2013-12-18,再审申请人广东东泰金属制品有限公司与被申请人中山市晟泰金属制品有限公司、霍明志侵害实用新型专利权纠纷再审审查民事裁定书
277,案号：（2013）民申字第788号,发布时间：2013-12-18,再审申请人徐晓洪与被申请人柳州市知味亭汤煲店、柳州市知味亭汤煲店二分店、柳州市知味亭汤煲店青云分店、柳州市知味亭汤煲店飞鹅分店、柳州市知味亭汤煲店六...
278,案号：（2013）民申字第946号,发布时间：2013-12-18,再审申请人广州金岳贸易有限公司、广州美岳化妆品有限公司与被申请人欧舒丹公司及一审被告北京庄胜崇光百货商场侵害商标权及不正当竞争纠纷再审审查民事裁定书
279,案号：（2013）知行字第30号,发布时间：2013-12-18,再审申请人上海华师京城高新技术开发有限公司与被申请人深圳市巨龙科教高技术股份有限公司、国家知识产权局专利复审委员会因发明专利权无效行政纠纷再审审查行...
280,案号：（2013）知行字第81号,发布时间：2013-12-18,再审申请人中山市皇冠胶粘制品有限公司与被申请人虎牌热水瓶株式会社、中华人民共和国国家工商行政管理总局商标评审委员会商标争议行政纠纷再审审查行政裁定书
281,案号：（2013）民申字第1284号,发布时间：2013-12-18,再审申请人浙江中缝重工缝纫机有限公司与被申请人重机公司、一审被告上海欣特针车设备有限公司侵害发明专利权纠纷再审审查民事裁定书
282,案号：（2013）民提字第103号,发布时间：2013-12-18,再审申请人百安奇售货设备集团公司与被申请人常州费斯托自动售货设备有限公司、徐嘉伟、周利商标转让合同纠纷提审民事判决书
283,案号：（2013）民申字第939号,发布时间：2013-12-18,再审申请人上海力佳缝纫机有限公司与被申请人重机公司（JUKI株式会社）侵害发明专利权纠纷再审审查民事裁定书
284,案号：（2013）知行字第32号,发布时间：2013-12-18,再审申请人苏国成与被申请人北京新导华达科贸有限公司、一审被告、二审被上诉人国家知识产权局专利复审委员会实用新型专利权无效行政纠纷再审审查行政裁定书
285,案号：（2013）知行字第44号,发布时间：2013-12-18,再审申请人国家知识产权局专利复审委员会与被申请人王春生发明专利驳回复审行政纠纷再审审查行政裁定书
286,案号：（2013）民提字第104号,发布时间：2013-12-17,再审申请人贵阳花溪守望者计算机网络信息服务中心与被申请人北京网尚文化传播有限公司侵害作品信息网络传播权纠纷提审民事判决书
287,案号：（2013）民申字第475号,发布时间：2013-12-17,再审申请人利莱森玛（福建）电机有限公司与被申请人利莱森玛公司、利莱森玛电机科技（福州）有限公司侵害商标权、擅自使用他人企业名称权纠纷再审审查民事裁定...
288,案号：（2013）行提字第19号,发布时间：2013-12-17,再审申请人日本特殊陶业株式会社与被申请人洛泰克公司，一审被告、二审上诉人中华人民共和国国家工商行政管理总局商标评审委员会商标撤销复审行政纠纷提审行政...
289,案号：（2013）知行字第111号,发布时间：2013-12-17,再审申请人葛在辉与被申请人国家工商行政管理总局商标评审委员会、一审第三人中山市厨之宝电子厨具有限公司商标撤销复审行政纠纷再审审查行政裁定书
290,案号：（2013）知行字第46号,发布时间：2013-12-17,再审申请人福建省友力化油器有限公司与被申请人中华人民共和国国家工商行政管理总局商标评审委员会、第三人株式会社京滨商标争议行政纠纷再审审查行政裁定书
291,案号：（2013）民申字第95号,发布时间：2013-12-17,山西龙镁热能技术开发有限公司与山阳盛合镁业有限公司承揽合同纠纷申请再审民事裁定书
292,案号：（2012）民申字第50号,发布时间：2013-12-15,刘玉安、杨元瑞、刘崇清、王世欣、李春董事会决议效力确认纠纷管辖权异议民事裁定书
293,案号：（2011）民申字第605号,发布时间：2013-12-14,AFDChinaIntellectualPropertyLaw(USA)Office与北京安信方达知识产权代理有限公司合同纠纷案再审民事裁定书
294,案号：（2013）民提字第161号,发布时间：2013-12-11,西宁特殊钢集团有限责任公司青海省国有资产投资管理有限公司为赣州银行股份有限公司股东损害公司债权人利益责任纠纷再审民事裁定书
295,案号：（2013）民申字第1667号,发布时间：2013-12-09,唐宝辉与桂林天和药业股份有限公司、桂林天和药业生物科技有限公司财产损害赔偿纠纷再审审查民事裁定书
296,案号：（2011）民申字第259号,发布时间：2013-12-06,圆谷制作株式会社、上海圆谷策划有限公司与辛波特·桑登猜、采耀版权有限公司、广州购书中心有限公司、上海音像出版社侵害著作权纠纷再审民事裁定书
297,案号：（2013）知行字第31号,发布时间：2013-11-28,阿瑞斯塔生命科学北美有限责任公司与中华人民共和国国家知识产权局专利复审委员会专利行政纠纷申诉行政裁定书
298,案号：（2013）知行字第58号,发布时间：2013-11-28,上海网讯新材料科技股份有限公司与国家知识产权局专利复审委员会、无锡市隆盛电缆材料厂发明专利权无效行政纠纷再审审查行政裁定书
299,案号：（2013）知行字第71号,发布时间：2013-11-28,谢平与敬德元等实用新型专利权无效行政纠纷再审审查行政裁定书
300,案号：（2011）民四终字第24号,发布时间：2013-11-21,亿仁投资集团有限公司与中国银行股份有限公司深圳市分行、深圳龙珠医院、吉里医疗投资管理有限公司、深圳龙珠医疗科技研发中心有限公司、孙启银借款合同纠纷民...
301,案号：（2013）民二终字第57号,发布时间：2013-10-31,中国农业银行股份有限公司锦州锦兴支行与锦州玥宝塑业有限公司金融借款合同纠纷二审民事判决书
302,案号：（2013）民申字第1144号,发布时间：2013-10-22,福建国能光电科技有限公司与东莞市兴煌电子科技有限公司等侵犯专利权纠纷案再审审查民事裁定书
303,案号：（2013）知行字第38号,发布时间：2013-10-22,台山先驱建材有限公司与国家知识产权局专利复审委员会、付志洪实用新型专利权无效行政纠纷再审审查行政裁定书
304,案号：（2013）知行字第54号,发布时间：2013-10-22,王广武与国家知识产权局专利复审委员会发明专利申请驳回复审行政纠纷案再审审查行政裁定书
305,案号：（2012）知行字第93号,发布时间：2013-10-20,广西绿洲热能设备有限公司与国家知识产权局专利复审委员会、南宁市宏能动力设备有限公司金浦分公司实用新型专利权无效行政纠纷再审审查行政裁定书
306,案号：（2012）知行字第94号,发布时间：2013-10-20,郝长记与国家知识产权局专利复审委员会发明专利驳回复审行政纠纷再审审查行政裁定书
307,案号：（2012）行提字第25号,发布时间：2013-10-20,镇江市营房塑电有限公司与广东科进尼龙管道制品有限公司、国家知识产权局专利复审委员会实用新型专利权无效行政纠纷提审行政判决书
308,案号：（2012）知行字第57号,发布时间：2013-10-20,刘沈杰与国家知识产权局专利复审委员会、北京世纪天平知识产权管理顾问有限公司发明专利权无效行政纠纷再审审查行政裁定书
309,案号：（2012）知行字第86号,发布时间：2013-10-20,梅清援与国家知识产权局专利缴费通知和专利权终止通知行政纠纷再审审查行政裁定书
310,案号：（2012）知行字第58号,发布时间：2013-10-20,刘沈杰与国家知识产权局专利复审委员会、郑州永通特钢有限公司、河南朝阳钢铁有限公司、北京世纪天平知识产权管理顾问有限公司发明专利权无效行政纠纷再审审查...
311,案号：（2012）民申字第1000号,发布时间：2013-10-20,浙江双友物流器械股份有限公司与青岛正泰金属制品有限公司侵犯实用新型专利权纠纷再审审查民事裁定书
312,案号：（2012）行提字第29号,发布时间：2013-10-20,东莞佳畅玩具有限公司、许楚华与新利达电池实业（德庆）有限公司、国家知识产权局专利复审委员会等实用新型专利权无效行政纠纷提审行政判决书
313,案号：（2011）知行字第86号,发布时间：2013-10-17,贝林格尔英格海姆法玛两合公司与中华人民共和国国家知识产权局专利复审委员会、江苏正大天晴药业股份有限公司发明专利权无效行政纠纷再审审查行政裁定书
314,案号：（2012）民申字第216号,发布时间：2013-10-17,深圳市迈高多媒体有限公司与深圳市俊佳豪科技有限公司侵犯外观设计专利权纠纷再审审查民事裁定书
315,案号：（2012）民监字第410号,发布时间：2013-10-17,北京先行新机电技术有限责任公司与广州智光电气股份有限公司侵犯发明专利权纠纷再审审查民事裁定书
316,案号：（2012）知行字第72号,发布时间：2013-10-17,中山市晟泰金属制品有限公司与伍志勇及国家知识产权局专利复审委员会实用新型专利权无效行政纠纷再审审查行政裁定书
317,案号：（2012）行提字第19号,发布时间：2013-10-17,广西玉林制药集团有限责任公司与国家知识产权局专利复审委员会、广州诺金制药有限公司发明专利权无效行政纠纷再审行政判决书
318,案号：（2012）知行字第4,发布时间：2013-10-17,武田药品工业株式会社与中华人民共和国国家知识产权局专利复审委员会、浙江永宁药业股份有限公司专利权无效行政纠纷再审审查行政裁定书
319,案号：（2012）知行字第3号,发布时间：2013-10-17,国家知识产权局专利复审委员会与北京市捷瑞特弹性阻尼体技术研究中心、北京金自天和缓冲技术有限公司实用新型专利权无效行政纠纷再审审查行政裁定书
320,案号：（2012）民申字第1329号,发布时间：2013-10-17,王好兵与濮阳市豫能房地产开发有限公司侵犯发明专利权纠纷再审审查民事裁定书
321,案号：（2012）知行字第10号,发布时间：2013-10-17,包伟光与国家知识产权局专利复审委员会、皇家飞利浦电子股份有限公司外观设计专利权无效行政纠纷再审审查行政裁定书
322,案号：（2012）知行字第71号,发布时间：2013-10-17,奥塔诺姆建筑元件推销股份有限公司与中华人民共和国国家知识产权局专利复审委员会、常州灵通展览用品有限公司发明专利权无效行政纠纷再审审查行政裁定书
323,案号：（2005）民三监字第5-3号,发布时间：2013-10-17,河南阿波罗自动化有限责任公司与中国人民解放军信息工程大学技术合作开发合同纠纷再审审查民事裁定书
324,案号：（2011）民三终字第2号,发布时间：2013-10-17,蔡朗春与中山市丹丽陶瓷洁具有限公司等侵犯发明专利权纠纷管辖权异议二审民事裁定书
325,案号：（2012）知行字第55号,发布时间：2013-10-17,西安千禾药业有限责任公司与国家知识产权局专利复审委员会、江西普正制药有限公司、高国齐发明专利权无效行政纠纷再审审查行政裁定书
326,案号：（2012）知行字第15号,发布时间：2013-10-17,洪亮与国家知识产权局专利复审委员会、宋章根实用新型专利权无效行政纠纷再审审查行政裁定书
327,案号：（2012）民申字第211号,发布时间：2013-10-17,广东雅洁五金有限公司与温州蓝天知识产权代理有限公司、黎泽强、马化通侵犯外观设计专利权纠纷再审审查民事裁定书
328,案号：（2011）知行字第19号,发布时间：2013-10-17,国家知识产权局专利复审委员会与赵东红、张如一，邹继豪专利无效行政纠纷再审审查行政裁定书
329,案号：（2012）知行字第8号,发布时间：2013-10-17,王伟均与国家知识产权局专利复审委员会发明专利复审行政纠纷再审审查行政裁定书
330,案号：（2012）知行字第74号,发布时间：2013-10-17,杨振宇与国家知识产权局专利行政行为纠纷再审审查行政裁定书
331,案号：（2010）民申字第1038-1号,发布时间：2013-10-17,贵阳黔江航空电热电器厂与张保忠、林金栋、贵阳红华家电超市有限公司侵犯实用新型专利权纠纷再审审查民事裁定书
332,案号：（2011）知行字第42号,发布时间：2013-10-17,精工爱普生株式会社与中华人民共和国国家知识产权局专利复审委员会、龚滨良发明专利权无效行政纠纷再审审查行政裁定书
333,案号：（2011）民提字第306号,发布时间：2013-10-17,中誉电子(上海)有限公司与上海九鹰电子科技有限公司侵犯实用新型专利权纠纷提审民事判决书
334,案号：（2012）民三终字第1号,发布时间：2013-10-17,本田技研工业株式会社与石家庄双环汽车股份有限公司侵犯外观设计专利权纠纷管辖权异议二审民事裁定书
335,案号：（2012）行提字第8号,发布时间：2013-10-17,国家知识产权局专利复审委员会与胡颖、深圳市恩普电子技术有限公司实用新型专利权无效行政纠纷提审行政判决书
336,案号：（2012）民申字第297号,发布时间：2013-10-17,常熟市中诚五金家俱有限公司与西点工程公司专利权权属纠纷再审审查民事裁定书
337,案号：（2012）民申字第19号,发布时间：2013-10-17,冯玉柱与湖南崇德工业科技有限公司专利权转让合同纠纷再审审查民事裁定书
338,案号：（2012）行提字第7号,发布时间：2013-10-17,曹忠泉与国家知识产权局专利复审委员会、上海精凯服装机械有限公司实用新型专利权无效行政纠纷再审行政判决书
339,案号：（2012）民申字第54号,发布时间：2013-10-17,弓箭国际与义乌市兰之韵玻璃工艺品厂侵犯外观设计专利权纠纷再审审查民事裁定书
340,案号：（2012）知行字第5号,发布时间：2013-10-17,广州威尔曼药业有限公司与国家知识产权局专利复审委员会专利驳回复审行政纠纷再审审查行政裁定书
341,案号：（2012）知行字第54号,发布时间：2013-10-17,西安千禾药业有限责任公司与国家知识产权局专利复审委员会、江西普正制药有限公司发明专利权无效行政纠纷再审审查行政裁定书
342,案号：（2012）知行字第23号,发布时间：2013-10-17,全球在线（北京）科技有限公司与国家知识产权局专利复审委员会、三星（中国）投资有限公司、天津三星通信技术有限公司专利权无效行政纠纷再审审查行政裁定书
343,案号：（2012）民提字第4号,发布时间：2013-10-11,福建省伟志兴体育用品有限公司与泰山体育产业集团有限公司、国家体育总局武术运动管理中心、福建体育职业技术学院侵犯实用新型专利权纠纷再审民事判决书
344,案号：（2012）民提字第1号,发布时间：2013-10-11,株式会社岛野与宁波市日骋工贸有限公司侵犯发明专利权纠纷再审民事判决书
345,案号：（2011）民申字第173-1号,发布时间：2013-10-11,广东省佛山市力鼎脚手架有限公司与广东省开平市优赢金属制品有限公司侵犯实用新型专利权纠纷再审审查民事裁定书
346,案号：（2011）民申字第438号,发布时间：2013-10-11,刘少宏与梁均培侵犯实用新型专利权纠纷再审审查民事裁定书
347,案号：（2012）行提字第14号,发布时间：2013-10-11,国家知识产权局专利复审委员会与张迪军、慈溪市鑫隆电子有限公司外观设计专利权无效行政纠纷再审行政判决书
348,案号：（2011）知行字第99号,发布时间：2013-10-11,江苏省微生物研究所有限责任公司与福州海王福药制药有限公司、辽宁省知识产权局、辽宁民生中一药业有限公司、常州方圆制药有限公司专利侵权纠纷处理决定再审审...
349,案号：（2012）民申字第627号,发布时间：2013-10-11,四川唐朝老窖（集团）有限公司与重庆诗仙太白酒业（集团）有限公司、重庆市长寿区你我他商贸有限公司不正当竞争纠纷再审审查民事裁定书
350,案号：（2012）民提字第110号,发布时间：2013-10-11,陕西东明农业科技有限公司与陕西秦丰农机（集团）有限公司侵害实用新型专利权纠纷再审民事判决书
351,案号：（2012）知行字第40号,发布时间：2013-10-11,临沂市东键实业发展有限公司与国家知识产权局专利复审委员会、福建多棱钢业集团有限公司发明专利权无效行政纠纷再审审查行政裁定书
352,案号：（2011）民申字第623号,发布时间：2013-10-11,上海艺想文化用品有限公司与上海帕弗洛文化用品有限公司擅自使用知名商品特有名称、包装、装潢纠纷再审审查民事裁定书
353,案号：（2012）民提字第61号,发布时间：2013-10-08,江苏迈安德食品机械有限公司与江苏牧羊集团有限公司侵犯注册商标专用权、不正当竞争纠纷再审民事判决书
354,案号：（2012）民申字第14号,发布时间：2013-10-08,福建省白沙消防工贸有限公司与南安市白沙消防设备有限公司侵犯企业名称（商号）权及不正当竞争纠纷再审审查民事裁定书
355,案号：（2012）民申字第1078号,发布时间：2013-10-08,拉科斯特股份有限公司与鳄鱼国际机构私人有限公司、上海东方鳄鱼服饰有限公司、北京华联商厦股份有限公司安贞分公司侵犯注册商标专用权及不正当竞争纠纷再审复...
356,案号：（2012）知行字第38号,发布时间：2013-10-08,宝佳商标有限公司与中华人民共和国国家工商行政管理总局商标评审委员会、陈钧贤、李曾超群商标异议行政纠纷再审复查行政裁定书
357,案号：（2012）知行字第27号,发布时间：2013-10-08,日本特殊陶业株式会社与洛泰克公司、国家工商行政管理总局商标评审委员会商标撤销行政纠纷再审复查行政裁定书
358,案号：（2012）民监字第184号,发布时间：2013-10-08,激动网络有限公司与北京金强盛世文化传播有限公司、经济日报社、中经网联合信息咨询中心著作权权属、侵权纠纷再审审查民事裁定
359,案号：（2012）民提字第8号,发布时间：2013-10-08,中控科技集团有限公司与艾佩斯（苏州）不间断电源有限公司、美国电力转换公司、杭州海龙电子工程公司侵犯商标专用权纠纷提审民事判决书
360,案号：（2012）行提字第3号,发布时间：2013-09-25,广东伟雄集团有限公司与国家工商行政管理总局商标评审委员会、佛山市顺德区马赛诺电器有限公司商标异议复审行政纠纷再审行政判决书
361,案号：（2012）民申字第1275号,发布时间：2013-09-25,贾铭铭与吴桥厚德建筑机械有限公司侵害发明专利权纠纷再审审查民事裁定书
362,案号：（2012）民申字第40号,发布时间：2013-09-25,曼夫瑞德.A.A.鲁波克与潍坊中云机器有限公司、天津盛象塑料管业有限公司侵犯发明专利权纠纷再审审查民事裁定书
363,案号：（2012）民三终字第3号,发布时间：2013-09-25,深圳市腾讯计算机系统有限公司、腾讯科技（深圳）有限公司与北京奇虎科技有限公司、奇智软件（北京）有限公司不正当竞争纠纷管辖权异议二审民事裁定书
364,案号：（2012）知行字第43号,发布时间：2013-09-25,李国坤、李珂、李晓蓬、李晓波与国家知识产权局专利复审委员会发明专利申请驳回复审行政纠纷再审审查行政裁定书
365,案号：（2011）民申字第1301-1号,发布时间：2013-09-25,深圳市莹德嘉电子有限公司、敬德元与谢平、张革私、深圳市山胜实业有限公司侵犯实用新型专利权纠纷再审审查民事裁定书
366,案号：（2011）民提字第265号,发布时间：2013-09-25,佛山市智腾家居用品有限公司与东莞市秋天塑胶材料有限公司、深圳市飞霖实业有限公司侵犯发明专利权纠纷再审民事判决书
367,案号：（2012）知行字第22号,发布时间：2013-09-25,深圳市超频三科技有限公司与扎尔曼技术株式会社、国家知识产权局专利复审委员会发明专利权无效行政纠纷再审审查行政裁定书
368,案号：（2012）行提字第10号,发布时间：2013-09-25,盖璞公司与国家工商行政管理总局商标评审委员会、新恒利眼镜制造（深圳）有限公司商标异议复审行政纠纷再审行政判决书
369,案号：（2012）民三终字第6号,发布时间：2013-09-25,山东得安信息技术有限公司与万海山侵犯计算机软件著作权纠纷二审民事判决书
370,案号：（2012）民申字第57号,发布时间：2013-09-25,石家庄双环汽车股份有限公司与本田技研工业株式会社等侵犯外观设计专利权纠纷再审审查民事裁定书
371,案号：（2011）民申字第760号,发布时间：2013-09-25,贾莹与杨小龙侵犯外观设计专利权纠纷再审审查民事裁定书
372,案号：（2012）民申字第18号,发布时间：2013-09-25,盐城泽田机械有限公司与盐城市格瑞特机械有限公司侵犯实用新型专利权纠纷再审审查民事裁定书
373,案号：（2010）民提字第149号,发布时间：2013-09-25,四川隆盛药业有限责任公司与淮南市杰明生物医药研究所、北京同仁堂合肥药店有限责任公司侵犯发明专利权纠纷再审民事判决书
374,案号：（2012）行提字第9号,发布时间：2013-09-25,中华人民共和国国家知识产权局专利复审委员会与人LG电子株式会社、宁波奥克斯空调有限公司外观设计权专利权行政纠纷再审行政判决书
375,案号：（2012）知行字第84号,发布时间：2013-09-25,中山日盈礼品制造有限公司与国家知识产权局专利复审委员会、银图国际有限公司实用新型专利权无效行政纠纷再审审查行政裁定书
376,案号：（2011）行提字第2号,发布时间：2013-09-25,通领科技集团有限公司与立维腾电子（东莞）有限公司、一审被告、二审被上诉人国家知识产权局专利复审委员会外观设计专利权无效行政纠纷再审行政判决书
377,案号：（2012）民申字第39号,发布时间：2013-09-25,潍坊中云机器有限公司与曼夫瑞德AA鲁波克（ManfredA.A.Lupke）、二审被告天津盛象塑料管业有限公司侵犯发明专利权纠纷再审审查民事裁定书
378,案号：（2012）知行字第7号,发布时间：2013-09-25,如东三宝制针有限公司与国家知识产权局专利复审委员会、陈昌泉实用新型专利权无效行政纠纷再审审查行政裁定书
379,案号：（2012）知行字第44号,发布时间：2013-09-25,镇江市营房塑电有限公司与广东科进尼龙管道制品有限公司、国家知识产权局专利复审委员会实用新型专利权行政纠纷再审审查行政裁定书
380,案号：（2011）民申字第128-1号,发布时间：2013-09-25,肇庆新利达电池实业有限公司、新利达电池实业（德庆）有限公司与四会市金丰五金电池有限公司、柏高电池厂有限公司、四会永利五金电池有限公司侵犯实用新型专利...
381,案号：（2012）行提字第16号,发布时间：2013-09-25,精工爱普生株式会社与中华人民共和国国家知识产权局专利复审委员会、龚滨良发明专利权无效行政纠纷再审行政判决书
382,案号：（2012）民申字第1001号,发布时间：2013-09-25,山东联合化工股份有限公司与北京烨晶科技有限公司、武汉昌发过程装备工程有限公司技术转让合同纠纷管辖权异议再审审查民事裁定书
383,案号：（2012）知行字第28号,发布时间：2013-09-25,广西玉林制药集团有限责任公司与国家知识产权局专利复审委员会、一审第三人广州诺金制药有限公司发明专利权无效行政纠纷再审审查行政裁定书
384,案号：（2012）民提字第10号,发布时间：2013-09-25,胡小泉与山西振东泰盛制药有限公司、山东特利尔营销策划有限公司医药分公司侵犯发明专利权纠纷再审民事判决书
385,案号：（2012）民申字第296号,发布时间：2013-09-25,北京龙头天威科技发展有限公司与北京新导科贸有限公司、乔泽江侵犯实用新型专利权纠纷再审审查民事裁定书
386,案号：（2011）民申字第1302号,发布时间：2013-09-25,邱则有与上海灵拓建材有限公司、上海舜基新型建材有限公司侵犯发明专利权纠纷再审审查民事裁定书
387,案号：（2012）知行字第20号,发布时间：2013-09-25,丹东市东华开关有限责任公司与国家知识产权局专利复审委员会、一审第三人沈阳诚联宏电器制造有限公司实用新型专利权无效行政纠纷再审审查行政裁定书
388,案号：（2012）民申字第56号,发布时间：2013-09-25,石家庄双环汽车股份有限公司与本田技研工业株式会社、北京旭阳恒兴经贸有限公司、江苏卡威汽车工业集团有限公司侵犯外观设计专利权纠纷再审审查民事裁定书
389,案号：（2011）行提字第3号,发布时间：2013-09-25,王东升与鞍山北润智能润滑设备制造有限公司、国家知识产权局专利复审委员会实用新型专利权无效行政纠纷提审行政判决书
390,案号：（2012）民申字第41号,发布时间：2013-09-25,弓箭国际与义乌市兰之韵玻璃工艺品厂、深圳市鑫辉达贸易有限公司侵犯外观设计专利权纠纷再审审查民事裁定书
391,案号：（2011）民申字第129-1号,发布时间：2013-09-25,新利达电池实业（德庆）有限公司、肇庆新利达电池实业有限公司与深圳市中皓天贸易有限公司等侵犯实用新型专利权纠纷再审审查民事裁定书
392,案号：（2012）知行字第39号,发布时间：2013-09-25,谢昌燚与国家知识产权局专利复审委员会、一审第三人方德才实用新型专利权无效行政纠纷再审审查行政裁定书
393,案号：（2012）民申字第196号,发布时间：2013-09-25,尹相善与万黎明侵犯实用新型专利权纠纷再审申请民事裁定书
394,案号：（2011）民申字第1318号,发布时间：2013-09-25,深圳盛凌电子股份有限公司与安费诺东亚电子科技（深圳）有限公司侵犯实用新型专利权纠纷再审审查民事裁定书
395,案号：（2012）知行字第41号,发布时间：2013-09-25,武田药品工业株式会社与国家知识产权局专利复审委员会、四川海思科制药有限公司、重庆医药工业研究院有限责任公司发明专利权行政纠纷再审审查行政裁定书
396,案号：（2011）行提字第13号,发布时间：2013-09-25,洪亮与国家知识产权局专利复审委员会、宋章根实用新型专利权无效行政纠纷再审行政判决书
397,案号：（2011）知行字第5号,发布时间：2013-09-25,洪亮与国家知识产权局专利复审委员会、宋章根实用新型专利权无效行政纠纷再审审查行政裁定书
398,案号：（2012）知行字第13号,发布时间：2013-09-25,济南巨星建筑科技技术有限公司与国家知识产权局专利复审委员会、邱则有发明专利权无效行政纠纷再审审查行政裁定书
399,案号：（2012）民申字第855号,发布时间：2013-09-24,伍韵洁、郭志明与重庆派威能源管理有限责任公司计算机软件开发合同纠纷再审审查民事裁定书
400,案号：（2012）知行字第33号,发布时间：2013-09-24,上海大金科技有限公司与中华人民共和国国家工商行政管理总局商标评审委员会、一审第三人大金工业株式会社商标异议复审行政纠纷再审审查行政裁定书
401,案号：（2012）知行字第68号,发布时间：2013-09-12,意大利爱马仕公司与中华人民共和国国家工商行政管理总局商标评审委员会第798099号商标驳回复审行政纠纷再审审查行政裁定书
402,案号：（2012）民申字第70号,发布时间：2013-09-12,郑州奥邦商贸有限公司与广州大明联合橡胶制品有限公司侵犯商标专用权纠纷再审审查民事裁定书
403,案号：（2012）知行字第70号,发布时间：2013-09-12,意大利爱马仕公司与中华人民共和国国家工商行政管理总局商标评审委员会第798096号商标驳回复审行政纠纷再审审查行政裁定书
404,案号：（2012）知行字第47号,发布时间：2013-09-12,泰山石膏股份有限公司与国家工商行政管理总局商标评审委员会、晋州市装饰材料厂商标异议复审行政纠纷再审审查行政裁定书
405,案号：（2011）民申字第1287号,发布时间：2013-09-12,北京麦乐迪餐饮娱乐管理有限公司与周庆祥侵犯商标专用权纠纷再审审查民事裁定书
406,案号：（2013）民一终字第41号,发布时间：2013-09-10,大连华仁调元五味精生物制品集团有限公司与大连工美企业有限责任公司联营合同纠纷二审民事裁定书
407,案号：（2012）民申字第535号,发布时间：2013-09-05,范荫恒与辽宁师范大学、寥世健职务发明创造发明人、设计人奖励、报酬纠纷再审审查民事裁定书
408,案号：（2012）知行字第34号,发布时间：2013-09-05,陈忠义与国家知识产权局专利复审委员会、吴建民、杭州天元梅花鹿业有限公司实用新型专利权无效行政纠纷再审审查行政裁定书
409,案号：（2012）民提字第126号,发布时间：2013-09-05,贵阳黔江航空电热电器厂与张保忠、林金栋、贵阳红华家电超市有限公司侵犯实用新型专利权纠纷再审民事判决书
410,案号：（2012）民提字第16号,发布时间：2013-09-02,丛文辉与海南天涯社区网络科技股份有限公司侵犯著作权纠纷提审民事判决书
411,案号：（2012）知行字第95号,发布时间：2013-09-02,阿迪达斯有限公司与晋江市纺织服装协会晋江及中华人民共和国国家工商行政管理总局商标评审委员会第3307038号商标异议复审行政纠纷再审审查行政裁定书
412,案号：（2012）行提字第1号,发布时间：2013-09-02,北京中篮体育开发中心与武汉市南山广告有限公司、国家工商行政管理总局商标评审委员会商标异议复审行政纠纷提审行政判决书
413,案号：（2012）知行字第80号,发布时间：2013-09-02,伊士曼(中国)有限公司与中华人民共和国国家工商行政管理总局商标评审委员会、福州冠华金属制品有限公司商标争议行政纠纷再审审查行政裁定书
414,案号：（2012）知行字第90号,发布时间：2013-09-02,阿迪达斯有限公司与晋江市纺织服装协会晋江及中华人民共和国国家工商行政管理总局商标评审委员会第3307037号商标异议复审行政纠纷再审审查行政裁定书
415,案号：（2012）民申字第1552号,发布时间：2013-09-02,广州市诗琪化妆品有限公司与史密斯克兰比彻姆有限公司、中美天津史克制药有限公司、北京时代千方大药房有限责任公司望京西分店侵害商标权及不正当竞争纠纷再审...
416,案号：（2012）民申字第1197号,发布时间：2013-09-02,邢宝清与长江文艺出版社有限公司侵犯著作权纠纷再审审查民事裁定书
417,案号：（2011）民申字第1494号,发布时间：2013-08-23,拉科斯特股份有限公司与上海欧鳄文化用品有限公司、上海亨富利贸易有限公司侵犯商标专用权纠纷再审审查民事裁定书
418,案号：（2011）民申字第1496号,发布时间：2013-08-23,拉科斯特股份有限公司与鳄鱼国际机构私人有限公司、上海绅士企业发展公司侵犯商标专用权纠纷再审审查民事裁定书
419,案号：（2012）民提字第9号,发布时间：2013-08-23,青岛海洋焊接材料有限公司与青岛鑫源焊接材料有限公司、烟台市鑫源焊条有限公司侵犯商标权纠纷提审民事判决书
420,案号：（2012）知行字第48号,发布时间：2013-08-23,尹利博与国家工商行政管理总局商标评审委员会、泰山石膏股份有限公司第3907612号商标异议复审行政纠纷再审审查行政裁定书
421,案号：（2012）民申字第628号,发布时间：2013-08-23,臧奎昌与沈阳市热水器总厂侵犯著作权纠纷再审审查民事裁定书
422,案号：（2012）行提字第2号,发布时间：2013-08-23,株式会社良品计画与中华人民共和国国家工商行政管理总局商标评审委员会、北京棉田纺织品有限公司商标异议复审行政纠纷提审行政判决书
423,案号：（2012）民申字第1475号,发布时间：2013-08-23,高莲芳与宁夏哈纳斯新能源集团有限公司侵害商标权纠纷再审审查民事裁定书
424,案号：（2012）知行字第14号,发布时间：2013-08-23,庞金柱与国家工商行政管理总局商标评审委员会商标驳回复审行政纠纷再审审查行政裁定书
425,案号：（2011）民申字第1495号,发布时间：2013-08-23,拉科斯特股份有限公司与鳄鱼国际机构私人有限公司、上海康捷鞋业有限公司侵犯商标专用权纠纷再审审查民事裁定书
426,案号：（2012）民三终字第7号,发布时间：2013-08-23,佛山市全友卫浴有限公司与全友家私有限公司、刘志亮侵害商标权管辖权异议纠纷二审民事裁定书
427,案号：（2012）民申字第538号,发布时间：2013-08-23,张渝光与江苏五琼浆酒业有限公司、扬州市金虎商贸有限公司、扬州同舟广告有限公司侵犯著作权纠纷再审审查民事裁定书
428,案号：（2013）知行字第5号,发布时间：2013-08-19,黄以江与中华人民共和国国家工商行政管理总局商标评审委员会、亚萨合莱意大利有限公司商标行政纠纷再审审查行政裁定书
429,案号：（2013）民申字第421号,发布时间：2013-08-19,广东中凯知识产权服务有限公司与凌源市信息网络管理中心、中共凌源市委办公室侵害著作权纠纷再审审查民事裁定书
430,案号：（2012）行提字第22号,发布时间：2013-08-19,深圳创维-RGB电子有限公司与国家工商行政管理总局商标评审委员会、中山市新时代公关广告有限公司商标争议行政纠纷再审行政判决书
431,案号：（2012）行提字第20号,发布时间：2013-08-13,北京世纪联保消防新技术有限公司与国家知识产权局专利复审委员会、山西中远消防设备有限公司发明专利权无效行政纠纷案再审行政判决书
432,案号：（2013）知行字第8号,发布时间：2013-08-13,陈立闽与国家知识产权局专利复审委员会、福建省晋江德益建材有限公司外观设计专利权无效行政纠纷案再审审查行政裁定书
433,案号：（2013）知行字第13号,发布时间：2013-08-13,连耀林与国家知识产权局专利复审委员会专利申请驳回复审行政纠纷案再审审查行政裁定书
434,案号：（2013）民申字第261号,发布时间：2013-08-13,安斯泰来制药株式会社与成都力思特制药股份有限公司、张红兵侵犯发明专利权纠纷案再审审查民事裁定书
435,案号：（2011）知行字第46号,发布时间：2013-08-13,上海避风塘美食有限公司与国家工商行政管理总局商标评审委员会、上海磐石意舟餐饮管理有限公司商标争议行政纠纷再审审查行政裁定书
436,案号：（2012）知行字第73号,发布时间：2013-08-13,辽宁般若网络科技有限公司与国家知识产权局专利复审委员会、中国惠普有限公司发明专利权无效行政纠纷案再审审查行政裁定书
437,案号：（2012）知行字第50号,发布时间：2013-08-13,格瑞电子（厦门）有限公司与国家知识产权局专利复审委员会、厦门爱的科技有限公司、东阳市小太阳照明有限公司发明专利权无效行政纠纷案再审审查行政裁定书
438,案号：（2013）知行字第17号,发布时间：2013-08-13,国家知识产权局专利复审委员会与无锡市隆盛电缆材料厂、上海网讯新材料科技股份有限公司发明专利权无效行政纠纷案再审审查行政裁定书
439,案号：（2013）知行字第18号,发布时间：2013-08-13,株式会社岛野与国家知识产权局专利复审委员会、宁波赛冠车业有限公司发明专利权无效行政纠纷再审审查行政裁定书
440,案号：（2012）民申字第1392号,发布时间：2013-08-13,景德镇法蓝瓷实业有限公司与潮州市加兰德陶瓷有限公司侵犯著作权纠纷再审审查民事裁定书
441,案号：（2013）民申字第233号,发布时间：2013-08-13,YKK株式会社与广州嘉绩拉链机械有限公司侵害发明专利权纠纷再审审查民事裁定书
442,案号：（2013）知行字第3号,发布时间：2013-08-09,味之素株式会社与国家知识产权局专利复审委员会、长春大合生物技术开发有限公司发明专利权无效行政纠纷再审审查行政裁定书
443,案号：（2013）民申字第260号,发布时间：2013-08-09,中山市劲捷摄影器材有限公司与李杰侵害实用新型专利权纠纷再审审查民事裁定书
444,案号：（2013）知行字第24号,发布时间：2013-08-09,李中祥与国家知识产权局恢复权利请求审批通知行政纠纷再审审查行政裁定书
445,案号：（2012）行提字第18号,发布时间：2013-08-09,如东三宝制针有限公司与陈昌泉、国家知识产权局专利复审委员会实用新型专利权无效行政纠纷再审行政判决书
446,案号：（2012）知行字第88号,发布时间：2013-08-09,许世昌与中华人民共和国国家知识产权局专利复审委员会、索尼（中国）有限公司发明专利权无效行政纠纷再审审查行政裁定书
447,案号：（2012）行提字第24号,发布时间：2013-08-09,深圳市超频三科技有限公司与扎尔曼技术株式会社、中华人民共和国国家知识产权局专利复审委员会发明专利权无效行政纠纷再审行政判决书
448,案号：（2013）民申字第369号,发布时间：2013-08-09,深圳市好家庭实业有限公司、深圳市好家庭体育用品连锁经营有限公司北京西城店、北京好家庭健身器材有限公司与赵东红、北京鑫东华腾体育器械有限公司侵犯发明专...
449,案号：（2013）知行字第9号,发布时间：2013-08-09,黄群与国家知识产权局发明专利申请驳回复审行政纠纷再审审查行政裁定书
450,案号：（2012）民申字第198号,发布时间：2013-08-07,严培义与宁波市北仑新港冶金机械有限公司侵犯发明专利权纠纷再审审查民事裁定书
451,案号：（2012）民申字第1150号,发布时间：2013-08-05,海南出版社有限公司与吉林美术出版社、长春欧亚集团股份有限公司欧亚商都著作权侵权纠纷再审审查民事裁定书
452,案号：（2013）民申字第20号,发布时间：2013-08-05,福建南安米菲体育用品有限公司与梅西斯有限公司、深圳市米菲体育用品有限公司、上海捷爽鞋业有限公司、张梅兰不正当竞争纠纷再审审查民事裁定书
453,案号：（2013）民申字第19号,发布时间：2013-08-05,福建南安米菲体育用品有限公司与梅西斯有限公司、深圳市米菲体育用品有限公司、上海捷爽鞋业有限公司、张梅兰侵害商标权纠纷再审审查民事裁定书
454,案号：（2013）知行字第19号,发布时间：2013-08-05,弘隆缝纫机械设备（南安）有限公司与国家工商行政管理总局商标评审委员会、福州冠华金属制品有限公司商标异议复审行政纠纷再审审查行政裁定书
455,案号：（2013）民申字第364号,发布时间：2013-08-02,杨华祥与东营天泽汤瓶八诊保健有限公司商标权纠纷再审审查民事裁定书
456,案号：（2012）知行字第9号,发布时间：2013-08-02,北京鸭王烤鸭店有限公司与上海淮海鸭王烤鸭店有限公司、商标评审委员会商标异议复审纠纷申诉审查行政裁定书
457,案号：（2013）知行字第1号,发布时间：2013-08-02,四川省川南干妈食品有限公司与贵阳南明老干妈风味食品有限责任公司、商标评审委员会商标争议行政纠纷再审审查行政裁定书
458,案号：（2012）民提字第3号,发布时间：2013-06-28,无锡市隆盛电缆材料厂、上海锡盛电缆材料有限公司与西安秦邦电信材料有限责任公司、古河电工（西安）光通信有限公司侵犯专利权纠纷再审民事判决书
459,案号：（2011）民提字第306号,发布时间：2013-06-28,中誉电子(上海)有限公司与上海九鹰电子科技有限公司侵犯实用新型专利权纠纷再审民事判决书
460,案号：（2010）民提字第113号,发布时间：2013-06-28,张锠、张宏岳、北京泥人张艺术开发有限责任公司与张铁成、北京泥人张博古陶艺厂、北京泥人张艺术品有限公司不正当竞争纠纷再审民事判决书
461,案号：（2010）民三终字第6号,发布时间：2013-06-28,北京北大方正电子有限公司与暴雪娱乐股份有限公司、上海第九城市信息技术有限公司、九城互动信息技术（上海）有限公司、北京情文图书有限公司侵犯著作权纠纷二...
