contents,
【女生买了一支#278块的口红男友嫌贵#，骂太败家了…】近日网上一姑娘投稿称，自己花费278块钱买了一支Dior口红，高高兴兴地告诉男友，然而没想到男友的回复也是扎了心，男友痛斥女朋友太败家，男友觉得七八十块的口红自己都嫌贵，女生晒出聊天记录。对此你的看法是什么？,
"点赞就行
揪一个粉丝送Dior 740一支，明天开！",
蔡徐坤 x Dior Homme ┊ 从美国归来的机场look，对一个新人来说非常用心了：大廓形oversize的Dior Homme格纹半长外套，内搭Phillip Lim的素描狼Tee，扎进素色黑裤。在时髦的路上，这群蓄势待发的偶像练习生都不是等闲之辈。,
"去年夏天的尾巴种草了Dior喷雾粉底，想着夏天都结束了，而且家里底妆那么多，来年再买吧，就这么心心念念了一年，然而……我的色号它竟然停产了……
以后再也不想控制自己了，想要的东西该买买，该囤囤！",
跟风买的Dior 999，一点也不适合自己 不开心,
超模#卡莉·克劳斯#过去为Dior拍摄的广告大片，性感的红唇，夸张性感的卷发，满满复古画报女郎既视感~,
"Today I feel super super super happy.
I really enjoy spending time in Shine.I love all the show.I think it is pretty good!

Nothing is important but selfbuilding.
We need changes!
喜欢joyce给我们做的Dior and Lv.
Everytime we play show.We always ...全文",
凌晨睡不着爬起来看 迟了好几个月的show 看见这条Dior 走秀款黑裙瞬间满血复活 好喜欢🌝🌝 意大利 ANNA166238009654的秒拍视频,
"Roger Vivier for Dior, photographed by Paul Schutzer",
"没人知道你的口红
是Chanel,Dior
YSL还是Tom Ford
没人看清你腰上的DG
LV是真是假
钱包里有钱还是有卡
但你脸大还是脸小
腿粗还是腿细
臀翘还是不翘
三米之外就看到了",
人生不相见，动如参与商。明日隔山岳，世事两茫茫。热爱生活的人，生活也爱他。《dior戴妃包》不妄求则心安，不妄做则身安。从来不把安逸和享乐看作是生活目的本身。,
Dior护甲油功课#功课##Dior#,
"天气原因
dior999 除了雾面版这个版膏体爱挂水珠
其余滋润版 夹心版 金属版等等版本好像目前还没
再热点就不知道了
所以爱不爱挂水珠其实跟膏体本身构成也是有关联的？",
Dior740 好看,
"涂了这支口红四小时以上随便喝水之后 照了一眼我的小镜子，突然觉得hin美呀！！！🙈🙈
🎀嗯就是它了 Dior740

此处可能应该有一个什么试色之类的配图可是我
懒。🤗",
"写论文的时候只有买买买才能给生活带点甜
TF的眼影每次买回来都用的很少 我可能真的只是想拥有而已disco dust和honey moon两个大热色一直放在柜子里生灰 最爱的居然是03号cocoa mirage。。这次收了01和12
上个月买的becca的高光也还没拆封 结果又买了一直想买的dior002和double gleam
口 ...全文",
刚才突然闻到一阵Dior花漾甜心的味道，我还在想我室友为啥半夜喷香水，仔细一闻是花露水，惊了，真的好闻，我不买香水了，买隆力奇！,
House of Dior Ginza 一周年纪念 #水原希子#,
今天用dior的花漾甜心 小刘说你今天好香呀有股ktv的味道 ？？？？？？？？？直男癌真可怕,
#欢度五一# ……TF80 Dior771 YSLn11…除了质地不一样之外…其他…？？？我色弱了？？？,
"dior平光镜
可以配近视！提供验光单即可！
这次考虑到很多妹子都近视 平时也需要平光镜来装饰 所以给大家上了这一款！
真的好好看啊啊啊啊啊！！
#复古眼镜框##眼镜#",
刚刚我朋友给她的爱豆应援花了三千，说是给爱豆剧组送吃送喝送爱马仕Dior，感慨90后追星好有钱啊，对不起我们二哥啊，连看个演唱会我都没花过一分钱，难怪湖了,
"昨天跟随着sephora小姐姐算是盲选了一只dior 回家发现是热门色号开心心
没事没事没事没事没事没事没事没事我是最坚强的",
"比dior还好用，买吧
难得喜欢香奶奶的产品",
dior咖啡馆打卡，一生黑的咖啡馆,
"【羽生结弦】【MAD】愛是一种《信仰》／COC预警／ UP主: 世界最Dior牛魔王330
#bilibili# 网页链接",
我连续四天用Dior868了 喜欢决定再用一周,
刘强东这纯正苏北农村银，农业重金属谁能比我土可这一有钱这比格品味层次老是上不去，找个奶茶妹妹提升一下生活品质，奶茶妹又是去Chanel又是去Dior的，与刘强东同龄的说不定年轻的时候就知道这些东西，但一辈子也买不起,
"@老板联播: 【章泽天清华时光：奶茶妹妹褪去青涩，偶遇刘强东】在4月29日#清华大学107周年校庆#前一天，刘强东又捐钱了！ 这次是给章泽天的母校清华捐赠了2亿元。想知道章泽天在清华读书时干了什么吗？以及如何遇到刘强东的？感觉 #章泽天# 才是人生赢家嘛 @梨视频
...全文",
💄我只爱Dior,
某人！一人饮酒醉后对我大肆表白，听着我都害臊，期待你下辈子是个男人拥有Dior,
Dior999真的是一只越涂越好看的口红，以前没有get到它的美，现在已经和mac chill 并列心头第一爱，反正这几天出门就抓起它【🙈🙈】,
安利dior756 都不能用美颜 会失真,
"刘雯 x Christian Dior spring 2010 detail
她真好看",
"#人间dior顺井屿#打卡卡咔咔咔
卡卡咔咔咔
卡咔咔咔",
dior744和lady bug在我嘴上有区别吗？没有。,
就是这样然鹅每个女孩都有一个雷点品牌，就是别人背怎么都好看自己背怎么都别扭的那种，我的话dior完全背不来//@刘佾琛:包先生不要太懂女孩儿👋,
@Bags包先生: 爱包女孩儿的心路历程|她们是怎么从入门款，一路买到铂金包的？,
"话说昨天不是出了击昏的口红pick dior857嘛 然后我邕的pick是ysl唇釉12评论里还看到小狼的pick是tf细管10 发现我也是都有了～
请问碗妹们有没有其他成员的pick色告诉我啊 感觉可以出个合集呢",
Dior520 ladydanger seesheer 😂@lumman,
"dior漆光524
不是你的三文鱼女孩💁🏻‍♀️",
回家顺来的妈妈的dior和dhc😂😂可怜兮兮,
正在用DIOR花蜜，准备回头撸个黑绷带。等待我爱的柜姐给我找中小样~~~~~~~~//@爱囤货的喵小妹: 个黑绷带，但是，好gui啊,
"@VincyJ: 一直答应宝宝们做好物分享，但是天平座都是拖延症晚期患者，你们不要怪我^_^
其实也不是不想做好物内容，只是我真的用过太多值得推荐的宝贝，每一回发现好用的东西，都自己先被感动的不行，然后想着要推荐给你们，最后因为各种原因就耽搁了。这次趁着五一假期，小姐姐我哪都没去。把自己关在家里， ...全文",
Dior 男装门店活动：陈飞宇 （陈凯歌儿子）、黄景瑜、苗苗（芳华女主角之一）、Maxi李诗颖，本人都好美好帅啊！ 上海·上海市静安区南京西路恒隆广场,
"昨晚🌝
某直男跟我说:我给你买Dior999吧，你不是想要的嘛💄
我:我现在不想要了😒
他:别呀，999也还好啦，不贵🤗
我:……大哥！人家是色号！不是啦价格
#论男生和女生究竟有多大的思维差异#",
"希望全世界的女生都去买一支Dior421
（试色是不可能试色的）",
huda beauty的沙漠黄昏盘和dior的高光002…真心推荐,
"Dior lacquer plump
种草了，很想拥有了，好好看",
太惨了，女人为什么要结婚？地铁上遇到一对夫妻，女的畏畏缩缩的和男的介绍了一番我手上的dior106 ，好像得到了什么许可一样问我说这个色号多少钱啊，听到两三百块的答案，那男的就变了脸说到你多大的人了还想买这些小孩的东西。那女的嘴里嘟囔着这是最新型的色号，然后就没了声音，太惨了……,
@黍占十一: 太惨了，男人为什么要结婚？地铁上遇到一对夫妻，男的畏畏缩缩的和女的介绍了一番我手上的 Switch ，好像得到了什么许可一样问我说这游戏机一个游戏卡带多少钱啊，听到两三百块的答案，那女的就变了脸说到你多大的人了还想买这些小孩的东西。那男的嘴里嘟囔着这是最新型的游戏掌机，然后就没了声音，太 ...全文,
新宠感谢粑粑和小舅昨天给我发的红包难过的是，dior999和mac chili颜色真的挺像的，尤其在我嘴上,
"Dior421火了这么久这
是真实的焦糖奶茶色吗
不会上嘴就变猪肝了吧
不想再上小红书的当了",
"你们知道9号是啥日子…
最近入的口红太多了
闲鱼没怎么用过的几支出去
dior080 买的时候用了一次
mac diva 一次也没用
mac ruby woo 也是买的时候用了一次
买太多…发现都不适合自己，没涂的那个有个口红和这一样了
都是香港和美国入的，想要的私我，全都便宜出了",
"Dior421火了这么久这
是真实的焦糖奶茶色吗
不会上嘴就变猪肝了吧
不想再上小红书的当了",
"你们知道9号是啥日子…
最近入的口红太多了
闲鱼没怎么用过的几支出去
dior080 买的时候用了一次
mac diva 一次也没用
mac ruby woo 也是买的时候用了一次
买太多…发现都不适合自己，没涂的那个有个口红和这一样了
都是香港和美国入的，想要的私我，全都便宜出了",
"消解情绪情绪还有别的方式：买！
ysl银管11我真的想把它吃掉！！！
就上班之后口红的色域越来越窄了啊～除了豆沙红就是豆沙红！这款我真的！！！求求你们买一支吧！！太好用了！颜色一点都不跳跃，非常适合上班用！继GIVENCHY301和dior888后新宠！
种草完毕！我要去吃口红啦～啦啦啦～",
蔡徐坤 x Dior Homme ┊ 从美国归来的机场look，对一个新人来说非常用心了：大廓形oversize的Dior Homme格纹半长外套，内搭Phillip Lim的素描狼Tee，扎进素色黑裤。在时髦的路上，这群蓄势待发的偶像练习生都不是等闲之辈。,
#傻dior对话两则#,
希望自己以后能经济独立，能让父母吃好的住好的，自己能养活自己，自己买得起lamer. SK-ll. Dior……等等，看到自己喜欢的东西自己付得起，不靠别人,
"DG . LV . Dior .
购物跟心情有关。
心情不好，买
看样子最近心情真的不好了。
别让我等太久。
太久就不喜欢了。",
最近对dior情有独钟,
『创造了穿Dior的美少女战士，嫁给坑神，她才是华丽征服世界的壕公主』网页链接,
一大早忍不住的想吐槽一下鸡肋的Dior气垫真tm难用,
今天是非主流代表，口红Dior999、好用到上天～,
梦见了我的初恋，也不算初恋就是我小学的同桌，互相有好感，那天和我姐聊天听我姐说，我初中阑尾炎手术他还特意买的东西来看我呢！我都给忘了，记得高中他回国也特意和我见面还送了我一套Dior的香水套装，还给我买个流氓兔的钱包，现在想想多么好的男人啊，那么大就会送香水，现在也不知道他过的怎么样 ...全文,
得最勤就是Kenzo风之恋（橙色）了，蔚蓝、帕尔马绿瓶，黑瓶、一生之水、Dior Homme活力淡香、寄情、风格还有大地。几乎每天都会喷，分场合。//@三里豚-:欧珑的加州柑橘、帕尔玛之水的卡普里岛橙、祖马龙的伯爵茶与小黄瓜//@上古和:大吉岭茶,
@日和手帖: 你平时使用香水吗？（若是，请评论留言你使用香水的名字，使用香水的频率，使用香水的主要原因，以及你的性别，年龄和所在城市。THX～）,
发布了头条文章《 Dior lady戴妃包》你是不是和我一样，庆幸微博没有「最近访客」这一栏，因为我几时几分想你和我一天想你多少遍，都是秘密。,
屋里小姐姐都要去远方工作了，以后见面的次数就越来越少了，我们三个有合照还是很久很久以前了吧，去年7月份吧，然后就是我一直在这里等你们回来，回来一次约一次 下次又不知道是什么时候，珍惜眼前，很爱很爱你们 希望一切都顺利，欧尼别忘了说好挣钱了给我的Dior哦 ...全文,
今天出门前喷了一点香水 不小心喷到了床铺 现在睡在散发着淡淡miss dior果香调的被单上 感觉自己是一个精致又做作的猪猪女孩 晚安🌙,
翻出来一只买来从没用过的dior 619，突然get到了她的美，再一搜绝版了？这下更舍不得用了,
Western girl in #Dior#,
继续宠粉～ 今晚送dior口红如何,
"久久久久久久久久久久久违的家庭出游
景区里竟然藏了个性文化博物馆，本来想着我进去遛一圈就出来，结果小家伙跑的比我还快，在里面转圈到处跑，对里面各种巨大的DIOR像还有春宫图视而不见，只有在出来的路上看到这一系列的小人问我：妈妈他们在干嘛
（好奇这条微博会不会被和谐…）",
#陈伟霆必胜客##Dior# 爱你@特立独行的暴脾气HUA,
dior740试色,
"别人吃包子我吃包
不算全部只是买了还没背过的就有几个了
又买了
有时候我甚至会忘了自己买过所以突然看到哪只包然后我心里os我还买了这个...
类似情况还有口红
我很爱盲买
然后就撞了dior口红版的775，整理柜子发现以前买的唇蜜版775【我根本不记得，看到才知道色号一样，而且我就真的不爱玫红 ...全文",
"突然觉得自己很圆满了
感谢@昂昂你别打哈欠
感谢@ （我的婆婆）
每个色都是心头爱！
mac:ruby woo，chili ，see sheer
Dior:01
tf：09
阿玛尼:405
Ysl:11",
"珠宝的魅力在于如何把女性的美丽精致在举手投足之间展现出来。这些都是工艺与美学的完美结合！
in Dior💗",
"向来不咋跟风的我
忽然迷上了Dior740
这个色越看越好看
我最近好像掉进橘棕色系的坑了",
Dior迪奥 这样搭配我觉得可以,
不管你们怎么说～我就是敲喜欢这个焦糖奶茶色，dior421啦,
"突然发现 只有两根是我自己买的
满足 感动 珍惜
#莫负好春光##全民晒口红##Dior##NARS##圣罗兰##tf口红mini#",
幸福的被捧在手心无需坚强，而坚强的却是不得不坚强。”谁说幸福的女人不需要坚强？lady谁说坚强的dior戴妃包女人不可以三格幸福？被宠爱并不是幸福的徽章全部，自己创造的幸福比别人给予的更有喜悦和安全感。做第三种女人，坚强并幸福着。,
"隆重介绍一下我的小可爱们～
从左到右依次是dior877, dior999, Chanel46, 3ce116,YSL12，Mac cockney, Mac chili～
总结只有一句，chili大法好！",
想了想，给单位个面子，去开会还是背Dior穿套贵点的职业装吧 ，毕竟是去上海开会,
"决定为了dior蓝星的质地和刷头设计多入几支了
这个使用感真的舒服
还有 999好看好显白 828目标要买 我最喜欢棕红
购物提上日程✅",
B站上看到密子君和dior的合作视频 我真滴惊呆 dior的品牌pr是不是石乐志……,
用银镯子来试一下💄，自行感受（左边是Dior，右边是梦妆）,
女人最该拥有的是一颗强大的心吧，别人伤害了你之后，你还可以拥抱自己，钱和别人带来的安全感，从来都不是最安全的。（不过Dior香水可以给我动力谢谢）,
"@张猫要练嘴皮子: 【女子本弱，为包则强】
背着秀水街的LV就能睡来一个爱马仕 ？
《北京女子图鉴》里的三观很可以了…
转+评，抽1人送[Miss Dior香水]
#北漂女孩生存指南#张猫要练嘴皮子的微博视频",
女人最该拥有的是一颗强大的心吧，别人伤害了你之后，你还可以拥抱自己，钱和别人带来的安全感，从来都不是最安全的。（不过Dior香水可以给我动力谢谢）,
"@张猫要练嘴皮子: 【女子本弱，为包则强】
背着秀水街的LV就能睡来一个爱马仕 ？
《北京女子图鉴》里的三观很可以了…
转+评，抽1人送[Miss Dior香水]
#北漂女孩生存指南#张猫要练嘴皮子的微博视频",
dior744橙红色，色度饱和，一层就能遮唇色，除了味道难闻，不小心吃进嘴能苦死，别的没毛病，不会回购,
Dior的小哥哥超帥,
发布了头条文章《lady dior戴妃包》时间是最好的良药，能让痛的不再痛了，让放不下的放下了，能把想不通看不透的东西认清。当过去那些刻骨铭心变得无关痛痒，那些以为永远留下在生命里的人念念不忘之间早已遗忘，没什么能敌得过时光，那些曾经让你难过不已的事，总有一天，你会笑着把它说出来。,
今天用的懒蛋蛋02，很适合画清淡的日常妆，除了右下的眼神有点鸡肋（看起来有颜色到眼皮上几乎看不出），剩下三个都蛮实用的，坐上打底，右上铺满眼皮，左下画眼尾。最近又在闹停产，纠结了下还是囤了一个。今天的腮红也好喜欢，是Dior某年圣诞限量唇釉，我觉得应该是个唇颊两用，当腮红要更好看一点， ...全文,
吐个槽，Dior080，黄皮不是很友好，慎入。,
"我关注的一个旅行博主开始推口红了？？？
Mac，Dior，阿玛尼？？？
What happened？？？
难道全世界都属于美妆博主了吗？？？
有意思",
"#杨文昊# 我妈说我今天为啥穿的跟个男人一样我说我最近看小哥哥看的有点多～接着下一句就是你看这么多也不往回领！我倒是想领一个！可是我的理想型就是威后啊！难不成我把他绑来？我倒是愿意哈哈哈哈
比心Dior forever 粉底 好用到炸裂",
#coco漫生活# 艺术之美，在于技巧以外的个性。 #dior艺术展# 网页链接,
Mac chili跟Dior999果然很接近呀啊啊啊哭哭 景洪·沙湾,
"去香港要买的
Lunamini2
Dior粉底
漫威T
...还有啥",
"“喂，弟弟啊，你来的时候给你哥我带条裤子。”
—“你要啥样的裤子啊？”
“啥样都行！你哥我现在在大街上！穿着睡裤搭衬衫！上半身在巴黎秀场下半身在城乡结合部！我还要走出一股dior超模的气场，我很累啊！”
—“……好的吧好的吧。”

就很不容易@别把你的破情绪带给我",
穿背带裤，胸前口袋千万不要放东西。我的Dior就是这么眼睁睁活生生掉进厕所的,
许嵩/Dior《浅唱》 浅唱 @QQ音乐,
上个月丢Dior这个月丢周大福可能我不配拥有它们？,
为什么要买斩男色（我还是没有买到），是觉得到我这个年纪天天再浆果紫红，艳粉橘，脏橘，烂番茄，草莓红，dior999可能就找不到男朋友了麻麻说现在的小护士都贼精贼精的，她们妇产科十几个女医生到现在都还单着呢,
孙芸芸身着dior2018春夏系列红色亮片背心裙登《美丽佳人》台版2018年5月号。,
每次喝东西我都感觉我的dior999是个假的,
@哲学家杨宇玮 Dior了解一下,
"坤音四子 ! 来来来，我给大家安利一下
队长#岳岳pinkray# 本南航硕格大，身高183的靠谱的大哥哥
#卜凡# 身高192的男模，帅气有趣会做饭，超级神A的大男孩
#木子洋# 身高188走过Dior大秀的男模，超级温柔的坤音梗王
#灵超# 01年的疼痛文学作家，因外表轰动学校的实验班校草，嗯目前183",
what‘s your favourite lipstick？#Dior##jasmine tookes##jasminetookes# JasmineTookes_Fans的秒拍视频,
心血來潮畫藍色，DIOR這盤好久沒用都忘了它是如此的不顯色用暖色疊加在outer corner瞬間去了夏威夷好喜歡💕,
Dior999了解一下,
我们永远不能停止梦想。梦想是生命的养料，就像dior戴妃包是身体的给养。人生路上我们常会看见自己的梦想破碎了，渴望落空了，但我们仍然坚持梦想,
"直男亲哥系列
我哥去香港问我需要什么
我说给我买小裙裙 然后他给我发来这种
我第一反应是？？？难不成是给妈妈买的？？
直男哥哥说 不是 给你
我：？？？
给我买💄的时候
我说帮我看一下dior999 他立马跑去看了 然后问我这么红？我说 嗯！ 我说 你先等等我再看看别的 亲哥说已经要买了 你快点 ...全文",
"P1妄图教会一个从小到大谁都教不会的张倩楠骑自行车
P2吃饭后买了好多游戏币结果并没有给我抓到一个娃娃
P3可爱的风景
P4带她坐错车气的她脑壳疼以及并不好吃的人工雪糕还有欠张倩楠Dior的某人
P5大唐不夜城手绘合影墙上有张倩楠隐形的翅膀
P6你有多久没有好好读一本书了？
P ...全文",
这只男人有没有一点Dior前设计师John Galliano的味道？ 法国·Theatre Le Crazy horse de Paris zxfaaa的秒拍视频,
发布了头条文章《Dior lady戴妃包》其实，我们纵使给了你伤痛同样也教会了你如何成长，这多像一个黑色幽默，我始终不相信，没有谁会比我认真，任何时候。但，是不是我不解释。很多情愫都变了吧，那些曾经，从来都不知后悔。即使现在我们已经各安天涯。,
姑娘们，没有Lady Dior的人生，是不完整的。,
考完聚聚吃个肉肉~ 我滴Dior520 766 终于买到了~ 真的是不光要和妹子抢 还要和妹子男票抢 澳大利亚·悉尼,
发布了头条文章《Dior lady戴妃包》美羊羊麦包包或是为了实现我们的愿望，当它划过天空的那一瞬，美已经来过，愿望也早已许下。它的出现总想让心定情淡三格烫钻吹来了你的塔罗系列却怎么也无法让情不驿动，带来一份光芒，带来属于它最为真切的问候。纵是只有那短短的一瞬，在刹那相逢之后,
"我最近可能是要破一个两万多的灾，先是找不到Dior水钻包，现在找不到Chopard项链
我：",
"朋友们 两句话：
一，dior421一上嘴我就爱上了，焦糖撞奶色，配日常的大地色妆容太配了！！
二，在唇峰处涂becca的香槟泡泡太tm好看了！！！相机拍不出那种美！",
我每天都被广告迫害！！！every！fking!day!刚又看到Dior粉底又想买了！攒攒钱吧我还要去成都给我也爹上坟不是吗！,
眼癌还以为dior出了水果夹心糖果,
捡到我化妆包的估计得笑死 Dior999和新买的阿玛尼200都在里面,
窒息 真我啥样我不知道 miss dior差点把我腻死 香到窒息但是星星包装还是好看的 作为视觉系动物我很满意另外学法语使我进步,
"五月第一天
拆了一个dior001
果然是劳动的一天！",
发表了头条文章《dior戴妃包》上帝之所以创造指纹，是因为他想让人们知道，其实，每个人都有伤痕。一个人面对外面的世界，需要的是窗子,一个人面对自我时，需要的是镜子。人生不相见，动如参与商。明日隔山岳，世事两茫茫。
#coco漫生活# #dior艺术展# 所有的忍耐，都缘于你的善良，一如既往。#早安五月# #期待六月# ☘️ @ People's Park (Shanghai) 网页链接,
我的妈！这两天接二连三入手了dior和mac女人的购物欲真可怕🌝🌝,
说真的，但凡经济自由的女性，对Diao的渴望一定远远不及对Dior的渴望（当然，如果不喜欢Dior还阔以挑别的，比如香奶奶）。很多男性都不理解，他们管这种思想叫“拜金”。然而，Diao有什么好呢？它既不香又不美，不洗干净还有股味儿。哪像Dior，不仅自己美美哒还能让你变得美美哒。,
涂完Dior999感觉自己像要去走红毯：）,
看了抖音才知道Dior的鞋鞋子底下要垫垫子？？,
突然发现ysl博物馆的官网有讲ysl的故事诶 （当阅读相当好） 人家18岁去巴黎 21岁就遵chritian dior的遗嘱当了cd的 directeur artistique 。。。 天赋这种东西啊唉 人家的21岁。。。唉唉唉,
"#宣美##宣美0502生日快乐#
睡觉之前整理一波Dior活动图还有新出来的杂志图
地点见p8
不行不行我要睡觉啦
明天还要做表格来着
溜了溜了",
"糊掉的自拍 nice
为了庆祝我找到失踪很久的Dior口红",
梦里我特dior的拂了拂衣襟长扬而去 意境类比一蓑烟雨任平生！,
赵丽颖如今利用难得的休息时间在很努力地学习英文，毕竟之前Dior的英文广告给她带来的负面影响还蛮大的，这件事激起了她的斗志。赵丽颖就是在哪方面做得不好，就更要想尽办法补短板,
我看到盒子第一句话就是，有没有搞错买个假的Dior。内心大概就是名牌袋子里面放着miniso的东西。太直接了。是喜欢的香水，只是mini了点,
"讨论不要在韩国买乱七八糟的化妆品时
老公说:你是用DIOR的命
大概是听到的最开心的评价",
好好审视了一下我的部队，mac的d for danger和dior867居然都是梅子色！see sheer和雅诗兰黛420都是豆沙色！！还有我居然没有西柚色没有橘红色，以及好想要ysl的黑管唇釉…,
"啊啊啊啊巨喜欢迪奥Dior的999号色!!
还有很皮的广告词：只要本宫不死你们永远是妃 据说每个女生都应该拥有一支这个口红!!
忒吸引人了 哎呀嘛好想要啊!! 耒阳·万亿购物广场",
"突然想起来
当我还在用爱丽小屋还有乱买的巧迪尚惠时候
二狗把我拉入了dior three 小ck 等等一些大坑
然后她从坑里跳了出去
而我却越陷越深@坂田银时_未来的主厨SAMA",
"Dior=dio？？？
二锅果然是最棒的",
谁再说Dior999是正红我就要骂人了每次涂完它都要叠加别的才喜欢,
朴志训和姜蛋妮的选择Dior857和Armani400 作为女人花钱作为追星狗更花钱某次签名会后记看...（想看更多？下载@小红书 APP:应用详情）网页链接,
发布了头条文章《lady Dior mini戴妃包》曾经的好友产生了隔阂，感情再难回到原位，是干脆的离开？还是彼此尴尬的继续维持？每个人处理感情的方式不同，也无所谓哪一种更高级。只是像我们这种活的粗糙的人，只想着爱的时候真诚，分开了也不后悔。人生海海，挥挥手各自去嗨，不爱了就不回头。,
喜欢Dior壳壳超出来的调调,
"终于拍了上嘴试色的dior639
都不记得第几次发了",
MU服装设计工作室，今日分享—从设计手稿到成衣制作（Dior-The Savoir-Faire of the Knitted Bodysuit）#成都分享##服装##成都身边事##MonetUtopia##服装设计##时装##成都##时尚##Dior# MonetUtopia服装设计工作室的秒拍视频,
"阿玛尼黑管302，500，501
Dior undercover
了解一下许愿中",
等了半个多月的dior7格包终于到了 等了一个多月的连衣裙还在调货 5.2重庆见！,
"dior999太好看了
可是太女人
怕是hold不住",
………就是莫名其妙的不爽想花钱…我是买个chloe的包还是买个dior那个罗盘项链还是现在不管3721就把基辅的机票给先买了,
我要崩溃了，前两天去欧洲买了Dior的恒久粉饼，混油能用轻薄度可以，但是上脸真特么黄，感觉迪奥歧视我们白的人。四百多块啊，心在滴血……,
分享一张Dior740的试色,
"Damn 我研究了几天感觉男香只有Dior homme和Tom Ford这个大橘子Mandarino di Amalfi能闻～
“夏日泉水➕绝謐橘境”。买了这个身体喷雾喷了简直想和自己谈恋爱诶呦呦 Tom Ford真是最会捞钱的男人 死贵都想买",
发现Dior mk lv cpb 维密的人事/猎头真忙，我都找到工作了，才打电话让我去面试。。。你们五一不休息吗？,
得到一直渴望的Dior手表，想那些遥远的梦想有朝一日也能成为现实,
"发布了头条文章《 Dior lady戴妃包》Don't try to keep someone in life, if they want to go, let go.-----别试图在生命里勉强留住某人，如果他们要走，就放手。",
"近期一波口红
注意前两个上嘴真的不一样
#美康粉黛##Dior999#",
旁友 Dior740了解一下吗#日常照骗#,
家里有个电视台专门放各种拍摄超赞的旅游视频，好听的音乐配上超赞的画面，被深深种草都想转行了，这个电视台简直有毒，可以放一天没有广告，昨天晚上还有个台专门讲Dior，从服饰走秀到首饰设计人果然还是会向往各种美好的让人开心的人或者物,
"Dior 的这个高光真的好好看呀！！！
光泽感感人[推荐]",
"今天的风又吹起了雨
我说，所有的酒 都不如你
Dior 雅诗兰黛也不如你",
对网传本宫不死，尔等终究为妃的dior999倾慕已久，终于入手了，但是试色并没有我想的红，可能我对于正红色的执念已经偏执到一定境界了,
"四月份的尾巴收到的一个包和一瓶Dior香水
嘻嘻",
QIpretty卷耳猫舍的主页 把繁育人Jane当初发给我Dior小时候的照片给翻了出来，好可爱！#美国卷耳猫##卷耳猫#,
Dior的金属色真的贼带感,
"*DIOR 999
ok，i know.
孙先生的意思是？我是你的正宫娘娘了吧～
@牛牛牛的锐",
郭师傅一提到我们店长就说“那个dior毛那个dior毛”的，年幼的我无知地问了一句“为什么啊？”郭师傅答“dior毛有什么用处啊？”我愣了三秒由衷赞叹老郭的智慧与车技。望尘莫及望尘莫及…,
发布了头条文章《lady Dior mini三格戴妃包》人人都在寻求幸福，但幸福究竟是什么？它是一种得到满足的心态，有时候跟金钱有关，有时候跟金钱无关。即便跟金钱有关，心理学家研究发现：金钱在影响幸福的各种因素中，也只起到百分之二十的作用。所以，幸福的根本，并不在于你拥有了多少金钱，而在于你减 ...全文,
"一直都很期待穿DIOR HOME的毕毕、
选择DIOR HOMME、你知道你本可以",
"#轻薄的假相#
紧跟时代潮流的麻麻

dior版的小猪佩奇了解一下

（虽然我一直认为是弟弟怂恿我妈买的）",
"同一只Dior999，两种不同风格
啊啊啊啊啊，想买",
真爱就给我买Dior575和纪梵希328 真的 绝版 我就这么好撩。,
"dior旷野好好闻呀
就是想象中男孩子的味道
一点点甜甜的 一点点粉味 又挺清新的",
Dior999走到哪里都是那么火🔥,
Dior844现在最喜欢的一种颜色,
昨Dior今Buberry,
"从四月初就想着攒钱买一只MAC lady bug，结果又是全职舞台剧又是彩墨什么的，一直没有买，今天终于踩着四月的尾巴买了，开心
顺便今天涂DIOR 772被我妈夸了，妙啊",
"我心中最美的秀场妆容
Dior 2013 SS HC",
Dior 刚刚推出了新一季高级珠宝腕表，仿佛花园中的奇景......,
为了我的Dior ，早上11点起来后开始搬砖,
dior740真的跟tf16很像吗,
"dior纯网拍
如同迪奥一般高质量的网拍群
今天早上的单子一部分截图
不是送拍就是佣金 天天都让你扫码频繁 前期会费20 预计过几天稳定了 就涨会费 🤒 姑娘的小太阳的秒拍视频",
CT高光液和Dior002高光对比,
"#颖霆cp# #颖霆cp一生推#
你pocky 我meco
你chanel 我Dior
你oppo 我华为
你冠益乳 我真果粒～～
窝家的cp全宇宙最配",
Dior undercover 粉底液，都说011适合黄一白，但是还是不够白啊！而且觉得氧化很快，上脸没一会就更暗了,
昨天试了好久把嘴都擦破了 还是豆沙色适合我🙃🙃Dior772✌️ 邹城·钢山街区,
"#杨洋##蔡徐坤# 所以今天这两位黑发小哥哥都是怎么了?!
都穿Dior的衣服，都戴帽子和口罩
一个从上海北京
一个从L.A.北京上海，明明在美国都还好好的不戴帽子口罩，一回国就开始从小可爱变大佬

我的两位男神今天都辛苦了 晚安@杨洋 @蔡徐坤",
"#蔡徐坤##转发抽奖#
✨转发这条微博＋关注@蔡徐坤
✨抓一个小宝贝送一支Dior999
✨5.6开 @微博抽奖平台
五月六号
你在舞台上实现梦想
我在考场里奋笔疾书
不能参与你的第一次出道舞台
遗憾但是我们一同努力
一起走花路吧
来搞个抽奖攒攒等级考人品啦💤",
我最愛的土色唇....部產品，直男別跟我說看上去都一樣，除了Dior之外我覺得都不是日常色，偶爾塗深土色走去開會好像是去掀桌的有空會拍最（老）少女的裸粉系列和最日常的豆沙系列[攤手]#土色唇膏##Dior620##NarsSlowride#,
"你们都是怎么用完那么多口红的
我到现在为止只有一只Dior唇膏快用完了
两年前买的都剩下半管以上
关键是 保质期才三年啊 …
恨自己只有一个嘴唇",
跟我看见Dior的包包是一样的眼神,
亲亲的的Dior Tee搭配低调太好看啦🤩🤩🤩🤩,
姐妹们 dior999是真的要入一个👏🏻,
#杨洋# 刚看完《迪奥先生》快笑抽过去，一刷微博，杨先生这胸前大大的Dior是什么鬼……,
今天试了dior口红857 很适合我 很好看 刚在柜台试了娇兰金钻01还有一个珍珠肌透白亮颜粉饼01 BA手法很轻 她问我今天是不是用了日系 我和她说是suqqu 她说色号是不是101还是002 好厉害我用的就是002 还有我用的双眼皮贴居然和她一样她猜出来了 还夸我眉毛画的好 哈哈哈我眉毛就用的卡奇色彩 ...全文,
"【陈飞宇 周洁琼】
上热搜了安利一下我们小陈
#陈飞宇##陈飞宇快乐大本营#
他是Dior中国最年轻的千禧大使
穿上西装是帅气迷人的贵族公子
换上短t是朝气蓬勃的运动系少年
他是电视剧《将夜》中快意江湖的宁缺少侠
也是将夜剧组杀青时仔细为导演切上第一块蛋糕的贴心小哥哥
他偶尔会把饭拍 ...全文",
"很多时候，dior lady （戴妃包）往往是因为你要的太少 别人才索性什么都不给你
结果你一无所有",
"有个特别傻的问题：好想进入大学之后，各种时尚，牌子知识扑面而来，以口红为例，从不知道牌子，到一个个或听说，或查询，知道了ysl,dior,tf,ct,sl，当然还有很多未知。但，我们这一届，究竟是刚好赶上了这个时代，还是一届届的人，都跟我们一样。",
发布了头条文章《Dior lady戴妃包》（三格四格徽章）安静地生活，过着平常的日子，守侯淡泊的岁月，即使是坐在窗口边静静地看云，偶尔，天空上有几只鸟儿快乐地飞过，偶尔，风吹来把自己的发丝吹乱，也是一种幸福。,
关于豆沙色 nars几款经典由于卷笔刀放弃 Mac see sheer 感觉太浅色不适合黄皮brick o-la种草很久但依旧因为不是自己最喜欢的那种豆沙放弃。最近看了很多小红书，Lancôme180直接惊艳我了 于是放弃Dior772的干玫瑰豆沙，但最后和当初的cockney一样上唇不适合，色浅。乐山刚回的772居然更适合黄皮的我。强 ...全文,
"tf15在我心中的地位是什么呢？
面对dior740，nars的mona，ysl银管唇釉11等等草，我还是毅然决然要买第二只tf15
要是只能带一直口红，绝对是这只没错了，任何场合都出不了错 延吉·中心区",
"【陈飞宇 周洁琼】
上热搜了安利一下我们小陈
#陈飞宇##陈飞宇快乐大本营#
他是Dior中国最年轻的千禧大使
穿上西装是帅气迷人的贵族公子
换上短t是朝气蓬勃的运动系少年
他是电视剧《将夜》中快意江湖的宁缺少侠
也是将夜剧组杀青时仔细为导演切上第一块蛋糕的贴心小哥哥
他偶尔会把饭拍 ...全文",
"很多时候，dior lady （戴妃包）往往是因为你要的太少 别人才索性什么都不给你
结果你一无所有",
"有个特别傻的问题：好想进入大学之后，各种时尚，牌子知识扑面而来，以口红为例，从不知道牌子，到一个个或听说，或查询，知道了ysl,dior,tf,ct,sl，当然还有很多未知。但，我们这一届，究竟是刚好赶上了这个时代，还是一届届的人，都跟我们一样。",
发布了头条文章《Dior lady戴妃包》（三格四格徽章）安静地生活，过着平常的日子，守侯淡泊的岁月，即使是坐在窗口边静静地看云，偶尔，天空上有几只鸟儿快乐地飞过，偶尔，风吹来把自己的发丝吹乱，也是一种幸福。,
关于豆沙色 nars几款经典由于卷笔刀放弃 Mac see sheer 感觉太浅色不适合黄皮brick o-la种草很久但依旧因为不是自己最喜欢的那种豆沙放弃。最近看了很多小红书，Lancôme180直接惊艳我了 于是放弃Dior772的干玫瑰豆沙，但最后和当初的cockney一样上唇不适合，色浅。乐山刚回的772居然更适合黄皮的我。强 ...全文,
"tf15在我心中的地位是什么呢？
面对dior740，nars的mona，ysl银管唇釉11等等草，我还是毅然决然要买第二只tf15
要是只能带一直口红，绝对是这只没错了，任何场合都出不了错 延吉·中心区",
"点个赞就行
揪一位送DIOR最经典的999
顺便把关注点了，明天就开！",
"高光拌饭来一碗
#近期爱用高光#
p1 Colourpop Flexitarian
p2 Dior Holo Pink
p3 Jouer Citrine
p4 Nars Hot sand
p56 Colourpop Lunch money",
"💄dior999和chili叠涂真的真的超显白！
🍦冰淇淋是心头爱
👯和沈芭比一起在食堂吃外卖真的特别开心
💆在学校不能把头发放下来好难过
🍹这样的日子只剩39天了...",
"#angelababy#

巴黎 - 17年Dior70周年纪念展

Baby壁纸7P - Part 1

截自视频： 网页链接",
路上看见走在前面的小姐姐 拎的袋子掉出来两个瓶子 碎了 走进一看 一瓶Dior的香水 一瓶好像是whoo的乳液 心疼...都是钱啊...,
Dior变色唇膏真的超级好用啊！第一次用完一支唇膏，学习某音卸开了看看里面啥样的。 好在还有两支在途中@今天开始叫老吴 国外要玩得开心哟！,
【世界奢侈品教父揭秘：最大奢侈品集团路易威登怎么炼成的】全球最大奢侈品集团LVMH的掌控者贝尔纳·阿尔诺是法国最富有的人，手里拥有LV、Dior等50多个奢侈品品牌。他说很多人想效仿他，但还没有成功者 老板联播的秒拍视频,
Dior Special By Casper Sejersen For Another Man Magazine SS18,
卧槽我把饮料洒包里了我一张纸都没带我就眼睁睁看着我的Dior999泡在里面,
我要疯了 我竟然不小心扣了一块 之前室友的dior不小心磕了一下心疼的要死 我不以为意的说反正会用掉的 我当时是怎么说出口的 我的天呐好心疼 平湖·独山港镇,
能把阿玛尼406修成Dior999就服我了,
我真滴爱惨了dior的643 简直是我这种黑黄皮肤的春天,
好久没发Total Look的搭配了，最近偷懒了～那先看看高级珠宝入门级的产品呗❤️in Dior,
刘雯 Dior 2012春夏高定秀场.曼妙优雅的表姐又是别样的味道,
#格乐丽雅玩转汝矣岛#离天空最近的美术馆，都市，印象。绘画，照片。小编这就带你去感受心跳的感觉！转发并@ 一位好友，心动礼物DIOR 999送给你~5月4日开奖！ 韩华格乐丽雅免税店的秒拍视频,
闲着无聊的口红试色 dior740枫叶色,
"#防弹少年团# 【防弹 同款地】180428 智旻推特

咕咕: uniqlo 心斎橋店
泰泰: dior 心斎橋店 对出马路

大阪地铁心斎橋站

韩国地陪导游 旅游博@YOLO_TOUR
*查看置顶微博能看到更多同款地攻略",
粉了Uzi五年了 上次和前任在现场被让二追三 这次终于等到了我狗的冠军 开个小车吧 转发过100开 Dior999一只可折现 Uzi牛批 Rng牛批 接着就等属于一个LPL的S赛冠军@微博抽奖平台,
哇塞，意外买到一瓶很好闻的香水，太中意了吧，感觉比Miss Dior好闻啊，更清淡，更少女，简直是厉害了，完全是盲买啊没试味道呢……我怎么这么会买东西，总是不经意看到好东西,
南瓜盘＋dior740＋nara sexappeal＋kiss me眼线睫毛膏＋catrice高光修容以上即便要hold住欧美系也没问题！最近真的沉迷混搭大概是因为没钱买新的叭只能花样吃老本,
香奶奶丝绒58 emmm…气场比dior999还强,
闲着无聊的口红试色 dior740枫叶色,
"#防弹少年团# 【防弹 同款地】180428 智旻推特

咕咕: uniqlo 心斎橋店
泰泰: dior 心斎橋店 对出马路

大阪地铁心斎橋站

韩国地陪导游 旅游博@YOLO_TOUR
*查看置顶微博能看到更多同款地攻略",
粉了Uzi五年了 上次和前任在现场被让二追三 这次终于等到了我狗的冠军 开个小车吧 转发过100开 Dior999一只可折现 Uzi牛批 Rng牛批 接着就等属于一个LPL的S赛冠军@微博抽奖平台,
哇塞，意外买到一瓶很好闻的香水，太中意了吧，感觉比Miss Dior好闻啊，更清淡，更少女，简直是厉害了，完全是盲买啊没试味道呢……我怎么这么会买东西，总是不经意看到好东西,
南瓜盘＋dior740＋nara sexappeal＋kiss me眼线睫毛膏＋catrice高光修容以上即便要hold住欧美系也没问题！最近真的沉迷混搭大概是因为没钱买新的叭只能花样吃老本,
香奶奶丝绒58 emmm…气场比dior999还强,
"给你港
dior080真滴好看
非常滋润了
蓝后
b612使我美丽
估计我瘦50斤就是照片里的我？",
敲开心！！！，终于买到了dior740.实际颜色更深，没有打底显唇纹啊，,
在西方人臆想下二次创作的东方元素，神秘加些许邪恶再加入西方的华丽，不管是运用于室内装饰还是时装一直是我最喜欢的元素之一！西方人眼中的东方美女好像都是烟花女子的形象，魅惑妖娆神秘确眼神坚定，猜不透她到底在想些什么。Dior 1997 /Royal Pavilion,
"Dior888炒鸡好看呀！
💄的魔力真的很棒了
可以给人一整天的好心情",
口红没涂匀，dior的828很难涂晕好嘛。,
#今日贴纸打卡##莫负好春光# 最近好忙呀先上两个没人发的吧 Dior 家#快乐之源#,
"#angelababy#

巴黎 - 17年Dior70周年纪念展

Baby壁纸依旧7P - Part 3",
"点赞就行
揪一个粉丝送Dior唇釉421一支，明早开！",
所以今天是骚情范思哲和复古Dior出街，正好跟之前的夹克和衬衫换了个儿。你俩这是非要可着一样的牌子穿是吧，秀的溜溜第,
"假装自己很叛逆，其实是真闷骚
We are not girls, we are poison.
Are you ready to be poisoned?
#Dior##Dior poison girl perfume#",
发布了头条文章《lady Dior 三格羊皮》等再过几年，你长大些就明白了，对谁有情，就不会计较他是好还是坏，他高兴，你便跟着高兴，他不高兴，你也会难过，他有危险，你拼了命也会去救他，可是他却未必会同样待你，若是他果真待你也如此，那便是天底下最幸运的事了。——《重紫》,
Dior这个871太好看了叭!!强推!!!（素颜在学校涂不会被发现的吼,
没人比我更倒霉了 来米兰第一天就把墨镜给弄丢了 继丢了gentle monster后 又弄丢Dior 可以说心碎得稀巴烂了 😔 意大利·米兰,
"下午因为比赛结果有点难受
晚上出去浪 变得超级开始啊啊啊
买了芒果面包
试了一个好喜欢的色号
Dior 639唇膏 加入心愿清单
因为失眠昨晚一夜没睡 今天睡了两个小时
希望今晚睡个好觉
明天开始学习啦",
明天去车展做车模，领队让统一涂大红色口红，我没有我舍友就把她男朋友送她的的dior999借我了，真的是亲室友,
"Dior 7⃣️折
size 38. 38. 39. 36,5. 38,5 37",
"今天中午收到了晓芳姐的礼物，一支Dior 999和一张洋洋姐画的人物和晓芳姐老公写的文案的明信片，看过以后心里久久不能平静。

其实我感觉这一个月和同事们没太多交流，彼此之间也不了解，但是真的感受到了被用心对待的感觉。尤其是那句“电影如梦，做后方知不论风雨”还有洋洋姐朋友圈那句“世界没那么 ...全文",
"#宣美# 💜 #宣美0502生日快乐#

180428 宣美 【IG更新】

清凉清凉🆒和Dior makeup有趣的合作，这算又一个吧 宣美miyayeah_SunmiChinaDotCom的秒拍视频",
任何时候你都可以开始做自己想做的事，只要dior戴妃包你不用年龄和其他东西去束缚自己，每个人心中都有一片海，自己不扬帆，没人帮你启航，努力，就能遇见更好的自己。,
"鹿晗同款邮筒打卡
全球最大星巴克烘焙店打卡
巴金故居打卡
偷拍一张YY同学的背影照哈哈～（Dior灯太亮了曝光我对不起你）@90有余
A wonderful day～",
"【已开奖】
RNG冠军抽一个Dior999（不折现）
转发就好不用关注
只抽电竞粉，diss过五个人的不抽
等一句恭喜RNG
@微博抽奖平台",
"#南柱赫# men's uno 马来西亚5月刊封面，依旧是dior homme 推封，南柱赫拿下了men's uno与dior homme此次合作刊四个版本中三个封面希望可以有全满贯的一天
#南柱赫安市城##南柱赫河伯的新娘#",
"有了滤镜都可以直接省掉化妆

看不出来吧这其实是dior421だ!!!",
真心美的一个颜色，试色后的感觉就是巨显白[嘿哈][嘿哈]，和DIOR999的颜色相像，但胜在很润，谢谢多利同学的良心推荐哦 佛山·大沥镇,
任何时候你都可以开始做自己想做的事，只要dior戴妃包你不用年龄和其他东西去束缚自己，每个人心中都有一片海，自己不扬帆，没人帮你启航，努力，就能遇见更好的自己。,
"鹿晗同款邮筒打卡
全球最大星巴克烘焙店打卡
巴金故居打卡
偷拍一张YY同学的背影照哈哈～（Dior灯太亮了曝光我对不起你）@90有余
A wonderful day～",
"【已开奖】
RNG冠军抽一个Dior999（不折现）
转发就好不用关注
只抽电竞粉，diss过五个人的不抽
等一句恭喜RNG
@微博抽奖平台",
"#南柱赫# men's uno 马来西亚5月刊封面，依旧是dior homme 推封，南柱赫拿下了men's uno与dior homme此次合作刊四个版本中三个封面希望可以有全满贯的一天
#南柱赫安市城##南柱赫河伯的新娘#",
"有了滤镜都可以直接省掉化妆

看不出来吧这其实是dior421だ!!!",
真心美的一个颜色，试色后的感觉就是巨显白[嘿哈][嘿哈]，和DIOR999的颜色相像，但胜在很润，谢谢多利同学的良心推荐哦 佛山·大沥镇,
"一直以为我用的是那只 bb的burnt red
结果刚刚掏出来 才发现是那只dior的限定 tokyo red太像了8也…
了解一下这俩颜色都是出去玩颜色…
总之，回到愚公的感觉太好了8
就好像回家了一样！ 北京·愚公移山",
"不就是85斤？！！
为了我的游戏生涯 为了我Dior",
"DIOR 丰唇蜜的新色有点好看
来源ins",
#今日贴纸打卡# colourpop日落盘和Dior740都到啦很好看的配色种草这么久终于还是买了期待 武汉·吴家山（商圈）,
Dior新出的水感唇釉有多好看？我今天去买YSL哑光13 买完逛到迪奥 看到水感唇釉简直惊为天人！ 于是我把ysl退了 买了两只迪奥 瞬间肚子也不痛了 也不想上厕所了 也不饿了女人真可怕 韩国·首尔,
"每次口红涂重一点都会被夸你今天真的好好看啊
所以我其实就是个适合画浓妆的人我要去考虑入手Dior999了吗",
"要去天福广场
定位到了会展中心
步行一站地
明天的明天
可不可以不要这么傻dior",
现在丢了东西我宁愿重新买都不想再找回来 主动要钱的都不是什么好人 觉得恶心 捡到我东西 我主动给钱或者送东西感谢是应该的 但是你主动索取就是没素质 上次捡到我手机的小姐姐 我给钱人家说什么也不要 然后我就买了dior唇釉送她 跟她说如果她不收的话 我自己留着也浪费了 我对唇釉过敏 这才勉强收下了,
真的是气到死，不适合做营业员这种服务行业。会猝死。咸鱼卖了一只dior口红，被倒翻账，说口红就这么一点点，他妈还说当她没买过口红？要死了，本身这个牌子的口红就一点点好伐。之前遇到个说我帽子的阿加莎那条狗有点毛躁硬要退十块钱，现在的女人都怎么回事？追求完美就去买新货啊！！！！！,
"心血来潮凑个热闹
#30天口红挑战#Day 1 第一支口红
很久以前爸爸带回来的Dior唇釉639
应该是番茄色的最初形态吧 更橘调一点的201
过很久了没想到居然没有坏 还挺震惊的
这个30天挑战不知道会坚持到第几天
希望@烤肉肉肉肉-QJY 跟我一起玩",
海盗爷的经典——DIOR Jack-R设计的秒拍视频,
"最近真的很愛這個Dior 大包包，不但放得下所有教舞需要的東西，也可以當作媽媽包，而且搭配牛仔系列超好看的～☺️😘🍀🌺👜
#dior #",
"#wuli美少女の日常#
爸爸在意大利逛街时候问问想买点啥给我带回来
我也只能想到上周小怡婚礼时从王小雨那边吃了安利的dior999
当时说回来一定要买，但是回来后犹豫了
在考虑是直接买还是加入愿望清单再说
我爸问我是不是就一管口红
好不容易出趟国能给我 买点保真的东西
可是呀
我平时也不关注这些东 ...全文",
"Dior Lacquer Plump唇釉，先涂556，再把538叠在中央
搬运：haana042 彩妆资讯羊咩咩的秒拍视频",
Dior的这个面纱......像戴眼镜钻火灶然后把眼镜取下来后的样子.......,
"dior的礼盒也太好看了8
（假装是自己收到的）",
大杯冰美式加上喷太多的miss dior等于头疼想吐睡不捉的漫漫长夜。。。太熏了。。。花香调真是一言难尽白夸了,
"0412上海 Dior Homme @Johnny黄景瑜 🐳

#黄景瑜能量月##黄景瑜放开我北鼻#

Cr 9LIE2",
Dior 秀场上，那位肩带滑落的小姐姐真是太美了 缀着星空的仙裙也是别致入眼，用“众星捧月”来形容可以说是非常合适了简直迷倒啊，迷倒。,
【#大牌美妆空降SM百货# 五一假期厦门买买买】用一支口红解决你的烦恼！@SM百货厦门店 美妆区4月26日升级开幕！DIOR、LANCOME、CHANEL、ESTEE LAUDER 、MAC、Kiehl's六大国际一线大牌闪耀开柜！4.26-5.1期间更有超多折扣福利！转发本博@ 3好友，还有机会获雅诗兰黛限量礼袋1份（20名额）5月2日开奖 ...全文,
"Dior Homme Summer 18 JACKET
穿着真的太贵气 太王子啦👏👏",
"男朋友再不出现我就自己买dior999咯
fine 放假了",
"Dior固体唇釉新颜色
拍完忘记记色号了
只记得第一个是524，我买了几支",
"我那还剩1/4左右的钻光粉霜，我的挚爱，好像，氧化了.........
颜色变得好深........
不过
我现在比较喜欢dior喷雾。",
"姥姥拿着这个Q版dior香水问我：这是眼药水吗？
哈哈哈哈哈我直接跪了呀！我说姥姥啊你幸亏问问我！
这件事情告诉我们心存疑问一定要沟通！千万别猜！千万别以为！不然后果不堪设想！",
N年前去香港买的一瓶DIOR花漾甜心终于用完了。感觉太甜腻了，想换个木质香调的。去丝芙兰导购介绍了这个牌子，当时闻着蛮舒服的。回来一查名字尴尬啦！,
"今日试香（6/17）
miss dior 花漾甜心
哇哇哇，一直到下午都很刺鼻，完全没有写的那么美好……我还是适合淡香氛。
伴随着今天有那么一丢丢不爽…这个不考虑了就～
#四月，再见#",
Dior999爱了,
"今儿这班车开过来的时候
感觉整车载满了胭脂俗粉哈哈哈
本以为是某位女士手抖喷太多
按道理香味应该是从一个点辐射开来的
我从车头站到车尾 香味浓度毫无变化
可想而知
公交车司机师傅 大概是拿香水洗的车
是那种没拿水稀释的浓度
是Dior的真我",
"说说我所知道的人种歧视问题。Dior当年海盗爷，发表了对犹太人的歧视言论，立刻被Dior炒掉了。2011年成衣秀都无法谢幕，最后是裁缝们全体出来谢幕。
歧视华人确实可能跟巴黎世家品牌无关，但是巴黎世家发了一个不痛不痒的的声明，算什么？能不能有点动作？怎么，中国人把钱花你们那去了，连最基本尊重 ...全文",
一张dior送给你们,
Jennifer Lawrence | Dior's pre-fall 2018 campaign,
街香。。。一个味道一段记忆 上学期一整个学期都在用miss dior 那时候也好开心好甜好甜好幸福 现在过的不开心了就开始用回这个傻白甜的味道 辛辣的邂逅暂且还是不想碰了… 把自己的不开心赖到香水上也是醉了,
"下午试着录了一下视频
录到最后擦这个唇釉Colourpop的Fugd’d的时候真的超慌
怎么那么难涂均匀而且超不显色。。就像是擦了一层猪油的赶脚方乱之中我左右确认的时候不小心镜头摔了VeryMe了额额
想买Dior619唇釉买不到据说这个是替代色所以买来试试 但是 使用感真的太差了 拉入黑名单 ...全文",
"今儿这班车开过来的时候
感觉整车载满了胭脂俗粉哈哈哈
本以为是某位女士手抖喷太多
按道理香味应该是从一个点辐射开来的
我从车头站到车尾 香味浓度毫无变化
可想而知
公交车司机师傅 大概是拿香水洗的车
是那种没拿水稀释的浓度
是Dior的真我",
"说说我所知道的人种歧视问题。Dior当年海盗爷，发表了对犹太人的歧视言论，立刻被Dior炒掉了。2011年成衣秀都无法谢幕，最后是裁缝们全体出来谢幕。
歧视华人确实可能跟巴黎世家品牌无关，但是巴黎世家发了一个不痛不痒的的声明，算什么？能不能有点动作？怎么，中国人把钱花你们那去了，连最基本尊重 ...全文",
一张dior送给你们,
Jennifer Lawrence | Dior's pre-fall 2018 campaign,
街香。。。一个味道一段记忆 上学期一整个学期都在用miss dior 那时候也好开心好甜好甜好幸福 现在过的不开心了就开始用回这个傻白甜的味道 辛辣的邂逅暂且还是不想碰了… 把自己的不开心赖到香水上也是醉了,
"下午试着录了一下视频
录到最后擦这个唇釉Colourpop的Fugd’d的时候真的超慌
怎么那么难涂均匀而且超不显色。。就像是擦了一层猪油的赶脚方乱之中我左右确认的时候不小心镜头摔了VeryMe了额额
想买Dior619唇釉买不到据说这个是替代色所以买来试试 但是 使用感真的太差了 拉入黑名单 ...全文",
"現在完全是Dior的腦殘粉
已被他們的保養跟彩妝收服（其實香水也是啦）
雖然賣這支唇膏是因爲我在小紅書上看到人家說陳偉霆幾年前拍雜誌時有用到的
哈哈哈哈哈反正也好看嘛就買了 浴巾兒的秒拍视频",
"Dior999滋润版
极力推荐",
"#草单# 最近想再买个高光，唯一的一块kiko用着感觉一般，但是在好几个大火的里面纠结买哪个
有Mac dg，BB pink glow，hourglass三色或者棒，dior 001，colourpop flexitarian……
我觉得高光是真用不完呀，考虑买个喜欢的就好好用
高光刷也想买个，现在用别的功能的刷子凑合，打算在及第06 ...全文",
昨天在乐天 清潭洞 东大门狂奔了一天～累成🐶～今天休闲游【清潭洞Dior Coffee 打卡～,
刘嘉玲回应年龄作假 自己从来不怕变老 当时为dior录制的一段关于love的英文视频 气场真的没话讲 羡慕嘉玲的心态 娱乐头条说的秒拍视频,
当年被称为意大利Dior的设计师 Federico Forquet ，在关闭其时装屋后在托斯卡纳山间“经营”起他的花园，用植物作为面料，制造色彩、廓形、层次、生机，40多年至今如一日。 合肥·安徽广电中心,
"Dior Sauvage Editorial part2
📸 by Elisa Carnicer",
"请拿着Dior开场吹一辈子好不好，这样你都要提老霉，你不是犯贱

今天也要为果粒橙的爱情而奋斗努力惹

果粒橙女孩永不认输",
老铁，dior999了解一下？ #搞笑#,
"這個是ROM裡面Dior的特展
講真有些設計現在看起來好迷啊⋯",
【女生买了一支278块的口红 结果被男友骂太败家了…】近日网上一姑娘投稿称，自己花费278块钱买了一支Dior口红，高高兴兴地告诉男友，然而没想到男友的回复也是扎了心，男友痛斥女朋友太败家，男友觉得七八十块的口红自己都嫌贵，女生晒出聊天记录。对此你的看法是什么？,
Vogue Japan 06/2018，Dior Beauty，水原希子。,
DIOR HOMME再次与法国BMX自行车专业制造商BOGARDE合作，联名推出DIOR HOMME自行车。金色与黑色的配色非常吸引人，逼格也超高——至于价格嘛……,
喜欢各种各样的滤镜颜色，然后莫名喜欢了Dior828的颜色，可是室友说我岁数太小不适合自己还担心日常抹不了，怕办公室的姐姐们像看猴一样的看我晚上聚餐回来跟爸爸说的内容不是很愉快，但是还希望彼此可以理解吧，加油吧，睡觉，晚安。,
老铁，dior999了解一下？ #搞笑#,
"這個是ROM裡面Dior的特展
講真有些設計現在看起來好迷啊⋯",
【女生买了一支278块的口红 结果被男友骂太败家了…】近日网上一姑娘投稿称，自己花费278块钱买了一支Dior口红，高高兴兴地告诉男友，然而没想到男友的回复也是扎了心，男友痛斥女朋友太败家，男友觉得七八十块的口红自己都嫌贵，女生晒出聊天记录。对此你的看法是什么？,
Vogue Japan 06/2018，Dior Beauty，水原希子。,
DIOR HOMME再次与法国BMX自行车专业制造商BOGARDE合作，联名推出DIOR HOMME自行车。金色与黑色的配色非常吸引人，逼格也超高——至于价格嘛……,
喜欢各种各样的滤镜颜色，然后莫名喜欢了Dior828的颜色，可是室友说我岁数太小不适合自己还担心日常抹不了，怕办公室的姐姐们像看猴一样的看我晚上聚餐回来跟爸爸说的内容不是很愉快，但是还希望彼此可以理解吧，加油吧，睡觉，晚安。,
"dior的春季限定眼影
配色吼吼看啊，等了一个多月好不容易等来了。",
"给陈先生（hx的骑士）点赞
陈先生说你有TF,香奶奶，纪梵希，诶刚好你没有Dior，再给你买只Armani你可以凑齐召唤神龙了。不不不，我还没有萝卜丁呢我的亲爱的(ღ˘⌣˘ღ)",
#带着边框一起拍# 迪奥官网真的赠很多小样试用装人生第一次买Dior纪念一下#街头漫拍#,
【#大牌美妆空降SM百货# 六大美妆天团来厦门啦】开馆倒计时1天！@SM百货厦门店 美妆区4月26日升级开幕！DIOR、LANCOME、CHANEL、ESTEE LAUDER 、MAC、Kiehl's六大国际一线大牌闪耀开柜！全馆超30个美妆品牌，邀你体验#享美主义#。现转发本博@ 3好友，还有机会获雅诗兰黛限量礼袋1份（20名额），4 ...全文,
转这条，抽一个仙女送Dior 999 顺便把关注点一点，后天就开~,
Dior Homme新任珠宝设计师Yoon Ahn的个人品牌Ambush即将与Nike展开联名合作系列,
"【IG】ellegirl_jp：ELLEgirlのLINE MOOK最新号は、水原希子＆佑果のLAトリップに密着！　豪華セレブも集結したイベント＆パーティの様子をリポートします✨
_
ELLEgirlのLINE MOOK最新号は、LINEアプリを起動後、「その他」から「公式アカウント」をタップして「oa-ellegirl」を検索して友だちに追加 ...全文",
Dior FW18 Exit #Estelle陈瑜##chiara corridori##Irinadjuranovic##VittoriaCeretti##estella brons##romy schonberger##jessie bloemendaal# chanleonnn00的秒拍视频,
抖音种草的第一家店铺～第一次感觉到国货如此强大！！！且不说两百块钱送了一堆的赠品，单看口红的名字，橘子洲头、美人红袖、秦楼长欢、宝岛西柚…简直不能更赞！！！我已经默默的把之前的Dior和ysl收起来了！！！ 石家庄,
"有好事发生
比如
一夜暴富
今天弄掉了一支Dior口红
不是很开心
希望有好事发生",
Dior活动无ps照曝光，杨颖真实身材太吓人，网友：你家晓明知道吗。,
2016年的迪奥真我香水广告：Dior J'adore - The Absolute Femininity，看完之后需要静静（地再刷几遍）。塞隆真的美到让人窒息，完全就是真我香水的化身。Woodkid的I Love You作为广告的BGM也是完美，音乐响起的时候配合广告的场景真是天衣无缝。“Where the light shivers offshore/Through the tides ...全文,
拆快递开心 立个flag，今年买的最后一块高光是Dior002…,
"#Karlie Kloss# This is the American Girl for Dior Spring 2011 Paris

一镜到底+细节版 Karlie-Kloss的秒拍视频",
"我要向雅邦口红道歉！之前买了两支试色之后觉得巨难涂直接闲置，前两天心血来潮拿出来试色，膏体上的那层膜化了，巨好涂！还特别好看
试色是图上的圣诞红，图二苹果手机前置无美颜无滤镜，图三无他相机拍的，嗷，吃我安利！
（ps：另一只番茄红涂到我嘴上和Dior999很像，有空发对比图！）",
水蜜桃味的杨树林 葡萄味的欧莱雅 香草味的dior cup cake味的MAC 糖果味的fresh 花香味的chanel 淡淡甜的兰蔻,
最近日日宠幸枫叶红色调的💄，又长草Dior740，不过感觉和刚入手的阿玛尼红管405、MAC chilli蛮相似的，要不要拔草呢～,
估计抵制不到吧？但是挺生气的，我在老佛爷和一个Dior的黑人sales也发生过争执，对方态度也是非常藐视中国人的态度,
诶。最高院关于知产的行政案件。申请人Dior公司的律师穿的比商标局的人还像工作人员。被申请人这个小姐姐作为公务员 指甲做的好奇怪 头发颜色也太浅了 脸摸的过于白不显气色 。,
"想了想这个牌子的洗面奶，我还真是用了好多年了都没换过……自己都惊讶了……
还在北京的时候用过DIOR的白茶（好像是叫这个……），后来用完SANA就再也回不去了，便宜好用。 日本·京都",
"种草许久的Dior421
上唇之后发现和唇色一模一样
所以我这💰花到哪里了呀",
#翻造型# 演员@练练 现身街头，干练短发搭配Dior的choker和墨镜，Ader_error西装外套，MO&CO阔腿裤，演绎清爽明快的夏日风姿。,
"昨天梦到soul的测试变成现实版了
我挑了一个小姐姐还骗她我是男的
最后发现自己一下子穿越到了伦敦
但是我从没去过伦敦
我看看周围以为是济州岛
我告诉他我也是女孩子
刚刚撩她是我故意的
然后她说知道啊
还带我去Dior的店里画了个妆
全程带我游伦敦
天上的雨下的很大街道上都是水
我们两个的高跟鞋都 ...全文",
Dior421是真的好好看哦🤩🤩🤩很温柔又不失个性的颜色 🧚🏻🧚🏻🧚🏻 可以说是除了正红之外极少个会让我觉得Zats for ME！！！的色号了,
"4月26日开奖合集，这波很多几率大的，点赞脱非！[加油][加油][加油]

500块 网页链接
Dior999 网页链接
苹果四件套 网页链接

5000块 网页链接
5000块 网页链接
1000块 网页链接
1000块 网页链接
20人分3000 ...全文",
"直接赞

抽一位送这支Dior999

关注点一下 明天就开👌",
那年Dior的秀释出的名人采访，一路全球最顶级的明星说着这季Dior的设计怎么着balabala的，镜头转到章子怡这最实在，直接整一句“wanna everything” 可爱。 解毒电影的秒拍视频,
宠幸一下Dior999 一支大半年没碰过的口红,
多年前给自己买的第一瓶香水Miss Dior，是在格拉的John Louis. 格拉的天总是阴阴的，我习惯每天早课前都喷一两下，淡淡的小香就像要迎来阳光。所以我也习惯性的买过一瓶又一瓶。那段时光太美好，以至于它的味道就真的代表了格拉。如今偶尔再喷起它，还会想起那些在记忆里闪着光的日子,
【#上海实习僧# | LVMH旗下Dior市场部招聘香水组实习生】含金量很高的实习，英语要好，有责任心和抗压能力，坐标恒隆广场办公楼一期，要求一周四天以上，星期一要到岗，可持续至少三个月。120/天，不留用，有意者请发送中英文简历与一张生活照至lorenamiao@diormail.com,
"#Art Daily# Life Magazine, 1957
Photographer: Loomis Dean
Christian Dior, Fall 1957 Couture 这张照片好像是在Dior先生的家里拍摄的",
最近在看北京女子图鉴，刚开始看的时候特别不喜欢女主，就觉得她是拜金，虚伪，物质~看到了她回复小新邮件：好好工作吧，这是所有并非天生公主的女孩，成为公主最快捷，也是最靠谱的方式。用自己的能力买来的LV，DIOR，阿玛尼那真不是物质了。里面很多剧情很真实，女主一个人所经历大多我想身在外地工 ...全文,
#抵制巴黎世家歧视华人#其实法国人民我觉得还是很友好的，但是发生这种事让人愤怒，我先站抵制这边观望，唉，会不会之后开始抵制lv，dior啥的刚好帮我省钱了,
"#与香成说#

Dior Cruise Collection Escale Aux Marquises （巡航系列 马克萨斯岛）

柔美女性化的一款香。开场的粉红红椒跟生姜带来一丝辛辣，跟橙子混在一起有股奇异的清爽。清新的一款小白花，温柔知性，适合现在的天气用，缺点是留香短。",
在oslob的西班牙遗址拍的 感觉很像miss Dior的广告宣传片 原片无删减 菲律宾·oslob 茉莉是金色偶像的秒拍视频,
和老哥@南宫醨_唐郁白你真可爱 出去玩，然后一路上看见了五对情侣不过今晚还是贼开心！！芥末味的乐事贼好次，顶替黄瓜味在我心中的地位，成为位居番茄味之下的第二名，烤秋刀鱼也好次到炸！以及和dior的合影（假装自己在里面）还有虽然糊到炸但是还是被我拍成了腿长两米的老哥。,
"#豆眼# 180424 Dior Gala
今天也比心心拉米拉米了💓
Cr.mranpan Bach_er的秒拍视频",
Dior2018早春，浪漫旷野秀场释放自然原始魅力 选美舞台的秒拍视频,
#Jennifer Lawrence# for Dior pre-fall 2018 campaign,
"原来万人迷的人设是dior柜姐hhh
我小时候觉得陈好美爆了
看到哈妹也是一片唏嘘，当然人家自己的选择开心就好，只是作为观众之后很少看到她还是很可惜，她好可爱啊",
"立个flag
目前体重:55.5kg
目标体重:52.5kg
减重时间:30天
成功奖励: Dior999 石家庄·红旗大街",
直男如我第一眼真是完全分不清dior846和847差在哪....,
"准备雅思口语感觉想了20几年的经历然后说了一堆小学的事
Dior421可真好看",
坐在我对面的女生25岁，背着MK的包，穿着Dior的风衣，脚蹬着一双我不知道品牌的漂亮鞋子，这身着装让23岁的我是感觉自卑和嫉妒的，对，是这样子的🙋这是别人25岁和我的23岁的差距。（无论是来源是她自身的优秀还是其他渠道）至少我是一无所有的，这次旅行我深感出来的是一所城市的融入感，永远是你所 ...全文,
#Jennifer Lawrence# for Dior pre-fall 2018 campaign,
"原来万人迷的人设是dior柜姐hhh
我小时候觉得陈好美爆了
看到哈妹也是一片唏嘘，当然人家自己的选择开心就好，只是作为观众之后很少看到她还是很可惜，她好可爱啊",
"立个flag
目前体重:55.5kg
目标体重:52.5kg
减重时间:30天
成功奖励: Dior999 石家庄·红旗大街",
直男如我第一眼真是完全分不清dior846和847差在哪....,
"准备雅思口语感觉想了20几年的经历然后说了一堆小学的事
Dior421可真好看",
坐在我对面的女生25岁，背着MK的包，穿着Dior的风衣，脚蹬着一双我不知道品牌的漂亮鞋子，这身着装让23岁的我是感觉自卑和嫉妒的，对，是这样子的🙋这是别人25岁和我的23岁的差距。（无论是来源是她自身的优秀还是其他渠道）至少我是一无所有的，这次旅行我深感出来的是一所城市的融入感，永远是你所 ...全文,
"翻到一张live，脸歪的人真的无法直面苹果前置
口红涂了室友的Dior620，当时超级喜欢所以记录一下！",
"#宋承宪# 出镜香港杂志《MRRM》最新内页大片。大叔的年龄只是让DIOR看起来更加特别。

摄影:Kim Je Won",
Karolina Kurkova & Gisele Bundchen for Dior Fall 2004,
大家好 我来舞一下了图一这份温柔声明中最温柔的第②条 是图二帅哥写的 图二帅哥名叫木子洋 身高一米八八 腿长大概就有一米八（请看图三动图） 当年以全国专业第二名的成绩考入北服的服装表演专业 大一那年就去走了dior的秀 也出征过米兰时装周自己的专业很拿得出手了吧？但是小木同学突然一个急转身 t ...全文,
"#Anja Rubik# 出处未知，穿的YSL2017SS和Dior by An Le , 应该是一组弃片，去年这个时候去的这里
安女士可以用腿夹死我了 😘😘",
发布了头条文章《Dior lady戴妃包》美羊羊麦包包风一程，雪一程，漫天飞舞的雪花里，融进了我旖旎的相思情。寒风瑟瑟三格烫钻吹来了你的塔罗系列诗句，温暖了我冰冷的夜晚。我在你的远方，隐隐听到你为我诵读诗句的声音，缠绵悱恻。我为你吟几阙唐诗宋词，为你赶赴一场浪漫的平仄清句。,
#Dior# 现代女性对慢时尚、手作感的需求渐渐浮出水面，她们开始重视服装背后的价值意义，也因此才会更崇尚具有“匠人精神”的时尚产品。 环球君Lifestyle的秒拍视频,
之前给你们看的这双，像H家拖鞋的，喜欢的多我可就上啦。然后，在逛的时候我又发现了另外一双！！优雅小猫跟，又看中了。像Dior的那双，看下D的上脚图吧。。。喜欢动动手指呗,
"#WINNER#【视频】#WINNER# 相关：
WINNER 在 DIOR GALA DINNER
（cr.mranpan）
【油管地址】:网页链接
【招新】网页链接 WINNER中文网官博的秒拍视频",
Dior秘密花园 第三步曲 最爱广告之一 大白的储蓄卡的秒拍视频,
其实你不用截图哎，我不会发了又删让你没有实锤的。你和我提的所有对我的好我都记得哎，比如去湘雅的时候千叮万嘱要我也办就诊卡为了以后看病更方便，比如第一顿我们相聚吃火锅鄢请的客，我不光记得你这些最近的好，还记得以前你去HK的时候给我带的DIOR唇膏，还记得你回国那次送的睫毛增长液和埃及魔法 ...全文,
"艹尼玛的宠妻金瓜人设呢你是没看节目还是故意装瞎
12期节目那么多花絮不够你了解他到底是会宠人的还是被宠的吗我这还是随手一截的
他可是会红着眼睛软软地说“谢谢你们出现在我生命中的”的人啊
你们要是只想借根想象中会宠xxx的dior不如写原耽",
"#0404isWINNERd4y#【INS】#WINNER# 参加DIOR Gala Dinner活动 《REALLY REALLY》舞台 cr.diordaisysung
【试听油管打榜链接>>网页链接 回归必做任务清单网页链接】 WINNER吧官博的秒拍视频",
"推荐给姐妹们一个口红色号哇。Bobbi Brown的Claret真的是美丽极了。这支到手之后，我化妆时几乎每次都涂它。

其实不太好描述它的颜色。之前很多美妆博主都把它归类为枫叶色。但我觉得不是这样呀，起码和我手里的mac chili和dior 740颜色差别太大。Claret不是非常明艳但却非常抬气色。

缺点当然是有的 ...全文",
dior001太嫩了吧 太适合像我这样几乎没有唇色的人了,
突然想来点香味好睡觉💤DIOR古龙水，你值得拥有 苏州·景德路,
"生日动态都忘记发惹
嘻嘻嘻
已经二十岁啦
P9给乔猪的Dior999试色，对黑皮不友好哦",
"应该是最新的电台内容: Winner从便利店买了吃的, 在车里解决了晚饭因为他们没有时间。( 从Dior 表演回来)。 Yoony: 我想作为Superstars的生活吧。(Superstar 难道是最近他们的一个梗?哈哈次长Insta也提到了, 是的是的你们都是Superstars!!!!) Hoony: 虽然最近没有时间好好吃一顿饭但感觉很好。我们比较 ...全文",
听说Dior又涨价了，平均涨150欧。。庆幸自己买的早。这辈子已经不需要别的包包。水晶三格。完璧です✔️。,
"#我人生的童话金秦禹##金秦禹##WINNER#
【视频】180424 WINNER Gala Dinner DIOR @XXJJJWWW_OFFICIAL 相关
《Island 》

cr. wn_caramel

< EVERYDAY>油管链接：网页链接
「 🎈长期零钱罐🎈网页链接 」 金秦禹吧的秒拍视频",
"#HoneyRapper宋旻浩##宋旻浩##WINNER#【INS】Mranpan 更新@MINO_VAN_SONG 相关：
DIOR GALA DINNER 《空虚》舞台

SOLO不运回【网页链接】 宋旻浩吧的秒拍视频",
Dior市场部香水组招实习生啦，欢迎大家来体验一下每天被美丽小姐姐们环绕的幸福感觉这次轮到给自己招继任了，我一定会倾尽所能把我会的都教给你的具体信息如下，有兴趣有问题的可以私戳我，求转发求介绍，招到合适的请你们喝酒🎉,
"#HoneyRapper宋旻浩##宋旻浩##WINNER#【INS】Mranpan 更新@MINO_VAN_SONG 相关：
DIOR GALA DINNER
《Love me love me》舞台

SOLO不运回【网页链接】 宋旻浩吧的秒拍视频",
#Bellacampen# #BellaRanee# 超超超超超超超超美的Dior唇釉系列花絮，美得不要不要的Bella，晶晶太期待妹纸拍个时装戏啦 雯Tracycome的秒拍视频,
听说Dior又涨价了，平均涨150欧。。庆幸自己买的早。这辈子已经不需要别的包包。水晶三格。完璧です✔️。,
"#我人生的童话金秦禹##金秦禹##WINNER#
【视频】180424 WINNER Gala Dinner DIOR @XXJJJWWW_OFFICIAL 相关
《Island 》

cr. wn_caramel

< EVERYDAY>油管链接：网页链接
「 🎈长期零钱罐🎈网页链接 」 金秦禹吧的秒拍视频",
"#HoneyRapper宋旻浩##宋旻浩##WINNER#【INS】Mranpan 更新@MINO_VAN_SONG 相关：
DIOR GALA DINNER 《空虚》舞台

SOLO不运回【网页链接】 宋旻浩吧的秒拍视频",
Dior市场部香水组招实习生啦，欢迎大家来体验一下每天被美丽小姐姐们环绕的幸福感觉这次轮到给自己招继任了，我一定会倾尽所能把我会的都教给你的具体信息如下，有兴趣有问题的可以私戳我，求转发求介绍，招到合适的请你们喝酒🎉,
"#HoneyRapper宋旻浩##宋旻浩##WINNER#【INS】Mranpan 更新@MINO_VAN_SONG 相关：
DIOR GALA DINNER
《Love me love me》舞台

SOLO不运回【网页链接】 宋旻浩吧的秒拍视频",
#Bellacampen# #BellaRanee# 超超超超超超超超美的Dior唇釉系列花絮，美得不要不要的Bella，晶晶太期待妹纸拍个时装戏啦 雯Tracycome的秒拍视频,
今天偷用了哥哥的Dior homme,
DIOR是不文明用语的文明用法﹁_﹁。,
#小猪嘟嘟#两年前的照片 我的妈呀 朋友真是比手机还牢靠的图库 再泰国买到的热门口红回来发现不适合自己 Dior740 有谁喜欢的评论我送你,
#Frederikke Sofie# #Sora Choi# for Dior Hydra Life 2018 campaign,
我不行了，大半夜的，溜达了好几圈，我一定要把那个dior中古包买回来，太爱太爱了,
Dior x Bogarde Gold BMX,
走进Dior工坊，J'adior 手包制作过程，感受下贵的魅力 女神潮搭日志的秒拍视频,
"疯狂安利！
Ysl黑管414+mac chili ！
准确的来说不管ysl黑管414➕dior 金属999还是夹心999都炒鸡好看啊！！#口红#",
"前段时间dior的#theartofcolor#展览
妆容的艺术❤️
#ifeelgood#
唇色是751 华丽的金枫叶",
Dior the art ofcolor眼影盘试色分享,
Dior 527 素颜无p图日光 和Huda Icon完全不像..Huda偏棕 Dior 527偏橘 我本来觉得上嘴和colourpop和K妹的合作款Dreamy很像 但是手上试色Dreamy更偏粉 图一Iphone 7P后置 图二前置,
大半夜的睡不着和你们聊聊天我们都在不同的城市喜欢着同一个人，其实这真的是一件很美好的事情嘞，今天看到Dior发了一篇kiko的微博，下面又有说kiko怎么样怎么样的，其实经常看到然后会很气经常在想要不要怼回去，经常就是想到后来就憋回去了，为什么呢？因为不想和没有眼光的人吵架 ...全文,
"一个很不负责任的dior 771试色
晚安 -一只娜美的秒拍视频",
"📍04.09
📍The Art of Color— Dior",
"前段时间dior的#theartofcolor#展览
妆容的艺术❤️
#ifeelgood#
唇色是751 华丽的金枫叶",
Dior the art ofcolor眼影盘试色分享,
Dior 527 素颜无p图日光 和Huda Icon完全不像..Huda偏棕 Dior 527偏橘 我本来觉得上嘴和colourpop和K妹的合作款Dreamy很像 但是手上试色Dreamy更偏粉 图一Iphone 7P后置 图二前置,
大半夜的睡不着和你们聊聊天我们都在不同的城市喜欢着同一个人，其实这真的是一件很美好的事情嘞，今天看到Dior发了一篇kiko的微博，下面又有说kiko怎么样怎么样的，其实经常看到然后会很气经常在想要不要怼回去，经常就是想到后来就憋回去了，为什么呢？因为不想和没有眼光的人吵架 ...全文,
"一个很不负责任的dior 771试色
晚安 -一只娜美的秒拍视频",
"📍04.09
📍The Art of Color— Dior",
Christian Dior Spring 1998 show by John Galliano,
Robert Pattinson by Karl Lagerfeld for Dior Homme FW18,
开封了最后一瓶diorissimo，最能代表Dior精神的作品，来自他的故乡Granville。,
"不正经的口红试色
完全是因为晚上无聊睡不着
日常用的最最频繁的还是dior888和tf16
就是那种涂上去立马气色变好
偏橘色调的红真的hin适合黄皮
当然啦 如果人美的话基本上涂什么都好看",
说好的别样东西到了后就不剁手了然而在那之后又没忍住买了dior744和雅诗兰黛420，继拉着我姐在梅西百货买了mac chili以后又顺利购入雅诗兰黛，只能说是对口红的一种喜爱吧,
"早上涂💄的小可爱举个手
人多了早上起床在送一支Dior999",
"欠自己一件库里球衣
欠自己一瓶Dior飘香
欠自己一条chocker
欠自己一首体面
一首离人愁
欠自己一副bose
欠自己一场欢乐谷迪士尼
欠自己一场EDC China和Ultra China
欠自己一瓶品质不错的伏特加
欠自己一只蓝短
欠自己一副好的护膝
欠自己一双膝盖
欠自己一双脚踝
欠自己一个好心情
欠自己 ...全文",
"D2 40min 🏃‍♀️只是为了吃的更多
坚持10天奖励一只dior740 嘿嘿",
手部试色好像！！在我嘴上没什么区别……左侧#dior740# 右侧#revlon225#,
"#Karlie Kloss#
Dior S/S 2011 Ad Campaign",
演员@黄恺杰Wesley 身穿DIOR HOMME二零一八夏季系列亮相2018北京国际电影节红毯，黑色西装外套精彩演绎俊朗绅士风范，肩部和衣袖位置的字母饰带，更彰显出时尚别致品位。,
#Frederikke Sofie# #Sora Choi# Dior Hydra Life Campaign by Cass Bird. Rosejania-的秒拍视频,
"北京刚下过雨的天气真的又凉快又干净
云也真的很美啊忍不住拍了两张☁
种草了三个月一直没买的dior999
结果被男朋友买了
本来今天心情很不好的
但突然觉得这个世界上美好的事情也太多了吧
比如刚下过雨的晴天
比如春天忙着筑巢的燕子
比如一个个忙里偷闲的中午
比如想见的人突然出现在身后
比如我想 ...全文",
ysl416真的美啊！妙啊！忒好看了！dior999的地位在我这要不保了我一个理科生，真的想不出什么形容词了！总之就是好看到gucci！,
"繁趣海信广场店—不是临展哦，就是在海信广场一层中庭扶梯下。（从君悦酒店旁那个大门/嬷嬷茶、来长沙龙虾馆那个门进来即可见，Dior斜对面）
#繁趣花艺海信广场1楼店##繁趣小呆#",
以后掉水里先救我 难产保我 家务你做 钱也你赚 熟记 Dior Fendi GUCCI Givenchy等... 你再来跟我说这句：余生请多多指教 不然我可宁愿单身一辈子 没能力说个叼结婚,
最近迷上了番茄红？？？什么Dior740，mac lady bug，YSL09，黑管416，YSL46，纪梵希306？？？？？或者别的？？？🙃,
See sheer和dior080叠涂真的美到不行太美了吧我要闲置chili了,
被Dior421深深种草的贫民窟女孩将励志存钱🤩🤩🤩,
"阿姨们一直说那么破的房子有什么好拍的.但我觉得上海弄堂才是充满了浓浓生活烟火气的地方啊! 反正我喜欢~
眼镜：DIOR
鞋子：NIKE",
Dior的这个面纱也太美了，眼妆也很美。,
"TLBoys男团“弓礼”@明道 优酷春集造型盘点～

有时候，帅也是一种套路#男明星的套路#

外套🧥、裤子👖@TOMFORD汤姆福特 ，T桖 👕@Dior迪奥 ，鞋👟 CONVERSE",
"今早坐车直男问：你那瓶chanel怎么还没用完？
我：我用Dior的时候你可从来没说过什么。
直男：有吗？
我：对。嗅觉不会骗人。由此可见，你们男人喜欢的永远是傻白甜的小姑娘。
直男：胡扯。
我就把两款香水的关键词给他看了一下。",
DIOR又出了你买不起的自行车系列,
"看看dior的高定礼服，都是怎么来的~看看也是一种享受嘛
顶尖化妆教程的秒拍视频",
戏精小姐姐们的Dior 2010秋冬秀～,
不知道设计师在设计这双鞋的时候脑子里装的啥（该不会是Dior的中文谐音吧→_→）,
对于Dior的外壳无好感。塑料的。make up forever是金属磨砂，不易留下手印。如果没有擦干净手，就会在外壳留下手汗的。不知道膏体怎么样。像我这样的妹子，比较实在，注重实际品质，而不是品牌。,
"可以多加几天班，
可以少叫几顿外卖，
可以不充各种会员，
可以放弃Nike买361
可以少买念念已久的Dior色系口红
只是………
想把汗水钱花在父母身上~
等到真的有能力可以无所顾虑~
才能真正配得上最好的~
（好梦，加油♡）",
Dior Party!!! 快速走一圈 满地明星 DJ丹尼斯的秒拍视频,
"今天几号?
dior740",
Mr Dior Zhang 的剧本还挺多啊哈哈哈哈哈哈哈哈哈哈哈,
Dior自行车了解一下#Dior#,
想知道Dior 和安娜苏香水那个更好闻光是瓶子就被安娜苏种草了，想要做个水晶女孩,
Dior｜一般平胸的都是仙女系准没错了 。,
#李易峰# 登《优家画报》封面，Dior Homme马甲大衣与黄轩撞衫～,
Angelababy杨颖 × Dior 满分一百你给几分,
嗯，dior620是我年度挚爱（两张图片颜色都好反常，其实是很浓郁的奶茶色啦）,
2017. Dior❤,
Dior 2010春夏秀场上的Vlada Roslyakova.小仙女真是美得不像话！,
Dior999METALLIC以前那么讨厌999今儿竟然种草了 @Dior迪奥 @aaaaaaaaaaaaaa娟,
Karlie Kloss x Dior S/S 2011 Ad Campaign,
娥佩兰的这只口红特别好用！比dior变色还好用！因为颜色多吧！科室！就是老忘记放哪儿……老找不着！年度素颜最爱！打算再买两只！,
嗯，dior620是我年度挚爱（两张图片颜色都好反常，其实是很浓郁的奶茶色啦）,
2017. Dior❤,
Dior 2010春夏秀场上的Vlada Roslyakova.小仙女真是美得不像话！,
Dior999METALLIC以前那么讨厌999今儿竟然种草了 @Dior迪奥 @aaaaaaaaaaaaaa娟,
Karlie Kloss x Dior S/S 2011 Ad Campaign,
娥佩兰的这只口红特别好用！比dior变色还好用！因为颜色多吧！科室！就是老忘记放哪儿……老找不着！年度素颜最爱！打算再买两只！,
无聊翻自己的化妆品玩Nars的吉隆坡，SUQQU的蕾咲（颜值真的很高），阿玛尼黑管501和Dior的536，每次用它们都有种全世界老娘最美的错觉，回购一万年,
丑照来一波，Dior740前置摄像头拍不出来的好颜色,
"刘雯在Dior 2010春夏秀场的惊艳时刻,风情万种也不过如此了！",
Frida在Dior秀场上的精彩瞬间，精灵达就是仙女般的存在吧，太美了！,
昨天做的肩颈按摩疼了一晚上趴着睡的下周的Dior护理爱谁去谁去吧……,
"今年的dior喜欢吗
小怪兽 编制罗马靴
#切勿随意穿搭#",
俺的dior999到了啊啊啊啊啊啊啊啊啊啊啊,
"#邕圣祐#
飯制
Dior Homme Intense City
💘💘 pomeloforl的秒拍视频",
"【跨時代色彩美學！《Dior, The Art of Color》東京展覽開幕】經典彩妝經得起時代洗禮，即使數十載後，美麗、時尚依然永恆不變。网页链接",
不论来几次都要迷路地乱走…打个车还没摸出地址酒店就已经到啦。在这也只能买买Lamer和维生素…话说我又进入不专一状态，除了用Lamer几款觉得适合自己的，其他改用最近新宠Dior花蜜系列…这会吃几个生蚝，小酌两杯，第二天完美,
"黄轩的9项商业代言（大使）真正所属的集团公司。

卡萨帝-海尔
资生堂-资生堂
马蜂窝-马蜂窝
惠普-惠普
苏泊尔-苏泊尔
Dior-LVMH
圣培露-雀巢
博朗-宝洁
海上牧云记手游-网易

品牌只是台前的一个标志，决定品牌发展规划的都是后面的公司高层，包括这个牌子要不要存活下去、走什么路线、签不签代言人以 ...全文",
"#杰斯君猫步游# | Christian Dior Fall 1997
21年前，John Galliano带领Dior邂逅东方迷情。整个系列中看到有改良的婉约旗袍，加入戏剧化的妆容诠释这西方之眼中的老上海。非常美~
#不言不语都是好风景#
Xavier杰斯君的秒拍视频",
#炫酷电影君# #陈飞宇0409生日快乐# 他是《秘果》里心思细腻的段柏文，他是《将夜》里洒脱不羁的宁缺，他是Dior最年轻的千禧大使，他是青春里最美好的@陈飞宇Arthur 18岁生日快乐！#秒拍# 陈飞宇工作室的秒拍视频,
"我好老土现在才拔草hm指甲油
被博主种草这么多东西买到手第一次觉得真的名副其实！真的好看！真的好涂！我手残据说超好涂的dior也要涂涂擦擦花起码三十分钟 这个 十分钟搞定！！好看的颜色实在太多了不知道下一瓶买哪个了",
"我现在的梦想是
纪梵希资生堂nars欧莱雅阿玛尼贝玲妃芭比布朗ud ct Dior 爸爸们看看我
这里有一个小可爱哈哈哈哈哈哈哈
（每月一求哈哈哈哈）",
"#angelababy##angelababy能量月#

“从前的日色变得慢 车马邮件变很慢 一生只够爱一人。”

您就是人间绝色@angelababy

329Dior活动图修图 x 6‖禁二改商用上传转载勿打原创",
"不久这些以Dylan Roques为首的Kris Van Assche麾下的一部分Dior Boyz都将成为Berluti Boyz。
K叔在DiorHomme的最后一季，让这些小嫩男模拍的主题广宣：红玫瑰与美少年、天空气球与纯净少年、雷鬼少年、Forever Young主题的FW18Show创意好又养眼。 蒙奇奇酱的秒拍视频",
今天涂的mac棒棒糖唇釉 Resilient rouge ~好好看! 断了我再买口红的念头 哈哈哈哈哈哈哈顺便夸下Dior744 真的是最最爱了,
#时尚课堂# 【独家揭秘】@Dior迪奥 BOOK TOTE手袋首次登场是在二零一八春夏成衣系列发布秀上，可以说是夏日出街的吸睛利器了。这样一款让人愉悦的手袋是如何制作完成的呢？新浪时尚带你走进高级时装屋工坊，独家呈现这款手袋的精美制作全过程>>>独家：DIOR手袋是如何诞生的 FUNer视频的秒拍视频,
昨天做的肩颈按摩疼了一晚上趴着睡的下周的Dior护理爱谁去谁去吧……,
"今年的dior喜欢吗
小怪兽 编制罗马靴
#切勿随意穿搭#",
俺的dior999到了啊啊啊啊啊啊啊啊啊啊啊,
"#邕圣祐#
飯制
Dior Homme Intense City
💘💘 pomeloforl的秒拍视频",
昨天做的肩颈按摩疼了一晚上趴着睡的下周的Dior护理爱谁去谁去吧……,
"今年的dior喜欢吗
小怪兽 编制罗马靴
#切勿随意穿搭#",
俺的dior999到了啊啊啊啊啊啊啊啊啊啊啊,
"#邕圣祐#
飯制
Dior Homme Intense City
💘💘 pomeloforl的秒拍视频",
"【跨時代色彩美學！《Dior, The Art of Color》東京展覽開幕】經典彩妝經得起時代洗禮，即使數十載後，美麗、時尚依然永恆不變。网页链接",
不论来几次都要迷路地乱走…打个车还没摸出地址酒店就已经到啦。在这也只能买买Lamer和维生素…话说我又进入不专一状态，除了用Lamer几款觉得适合自己的，其他改用最近新宠Dior花蜜系列…这会吃几个生蚝，小酌两杯，第二天完美,
"黄轩的9项商业代言（大使）真正所属的集团公司。

卡萨帝-海尔
资生堂-资生堂
马蜂窝-马蜂窝
惠普-惠普
苏泊尔-苏泊尔
Dior-LVMH
圣培露-雀巢
博朗-宝洁
海上牧云记手游-网易

品牌只是台前的一个标志，决定品牌发展规划的都是后面的公司高层，包括这个牌子要不要存活下去、走什么路线、签不签代言人以 ...全文",
"#杰斯君猫步游# | Christian Dior Fall 1997
21年前，John Galliano带领Dior邂逅东方迷情。整个系列中看到有改良的婉约旗袍，加入戏剧化的妆容诠释这西方之眼中的老上海。非常美~
#不言不语都是好风景#
Xavier杰斯君的秒拍视频",
#炫酷电影君# #陈飞宇0409生日快乐# 他是《秘果》里心思细腻的段柏文，他是《将夜》里洒脱不羁的宁缺，他是Dior最年轻的千禧大使，他是青春里最美好的@陈飞宇Arthur 18岁生日快乐！#秒拍# 陈飞宇工作室的秒拍视频,
"我好老土现在才拔草hm指甲油
被博主种草这么多东西买到手第一次觉得真的名副其实！真的好看！真的好涂！我手残据说超好涂的dior也要涂涂擦擦花起码三十分钟 这个 十分钟搞定！！好看的颜色实在太多了不知道下一瓶买哪个了",
昨天做的肩颈按摩疼了一晚上趴着睡的下周的Dior护理爱谁去谁去吧……,
"今年的dior喜欢吗
小怪兽 编制罗马靴
#切勿随意穿搭#",
俺的dior999到了啊啊啊啊啊啊啊啊啊啊啊,
"#邕圣祐#
飯制
Dior Homme Intense City
💘💘 pomeloforl的秒拍视频",
"【跨時代色彩美學！《Dior, The Art of Color》東京展覽開幕】經典彩妝經得起時代洗禮，即使數十載後，美麗、時尚依然永恆不變。网页链接",
不论来几次都要迷路地乱走…打个车还没摸出地址酒店就已经到啦。在这也只能买买Lamer和维生素…话说我又进入不专一状态，除了用Lamer几款觉得适合自己的，其他改用最近新宠Dior花蜜系列…这会吃几个生蚝，小酌两杯，第二天完美,
"黄轩的9项商业代言（大使）真正所属的集团公司。

卡萨帝-海尔
资生堂-资生堂
马蜂窝-马蜂窝
惠普-惠普
苏泊尔-苏泊尔
Dior-LVMH
圣培露-雀巢
博朗-宝洁
海上牧云记手游-网易

品牌只是台前的一个标志，决定品牌发展规划的都是后面的公司高层，包括这个牌子要不要存活下去、走什么路线、签不签代言人以 ...全文",
"#杰斯君猫步游# | Christian Dior Fall 1997
21年前，John Galliano带领Dior邂逅东方迷情。整个系列中看到有改良的婉约旗袍，加入戏剧化的妆容诠释这西方之眼中的老上海。非常美~
#不言不语都是好风景#
Xavier杰斯君的秒拍视频",
#炫酷电影君# #陈飞宇0409生日快乐# 他是《秘果》里心思细腻的段柏文，他是《将夜》里洒脱不羁的宁缺，他是Dior最年轻的千禧大使，他是青春里最美好的@陈飞宇Arthur 18岁生日快乐！#秒拍# 陈飞宇工作室的秒拍视频,
"我好老土现在才拔草hm指甲油
被博主种草这么多东西买到手第一次觉得真的名副其实！真的好看！真的好涂！我手残据说超好涂的dior也要涂涂擦擦花起码三十分钟 这个 十分钟搞定！！好看的颜色实在太多了不知道下一瓶买哪个了",
昨天做的肩颈按摩疼了一晚上趴着睡的下周的Dior护理爱谁去谁去吧……,
"今年的dior喜欢吗
小怪兽 编制罗马靴
#切勿随意穿搭#",
俺的dior999到了啊啊啊啊啊啊啊啊啊啊啊,
"#邕圣祐#
飯制
Dior Homme Intense City
💘💘 pomeloforl的秒拍视频",
"【跨時代色彩美學！《Dior, The Art of Color》東京展覽開幕】經典彩妝經得起時代洗禮，即使數十載後，美麗、時尚依然永恆不變。网页链接",
不论来几次都要迷路地乱走…打个车还没摸出地址酒店就已经到啦。在这也只能买买Lamer和维生素…话说我又进入不专一状态，除了用Lamer几款觉得适合自己的，其他改用最近新宠Dior花蜜系列…这会吃几个生蚝，小酌两杯，第二天完美,
"黄轩的9项商业代言（大使）真正所属的集团公司。

卡萨帝-海尔
资生堂-资生堂
马蜂窝-马蜂窝
惠普-惠普
苏泊尔-苏泊尔
Dior-LVMH
圣培露-雀巢
博朗-宝洁
海上牧云记手游-网易

品牌只是台前的一个标志，决定品牌发展规划的都是后面的公司高层，包括这个牌子要不要存活下去、走什么路线、签不签代言人以 ...全文",
"#杰斯君猫步游# | Christian Dior Fall 1997
21年前，John Galliano带领Dior邂逅东方迷情。整个系列中看到有改良的婉约旗袍，加入戏剧化的妆容诠释这西方之眼中的老上海。非常美~
#不言不语都是好风景#
Xavier杰斯君的秒拍视频",
#炫酷电影君# #陈飞宇0409生日快乐# 他是《秘果》里心思细腻的段柏文，他是《将夜》里洒脱不羁的宁缺，他是Dior最年轻的千禧大使，他是青春里最美好的@陈飞宇Arthur 18岁生日快乐！#秒拍# 陈飞宇工作室的秒拍视频,
"我好老土现在才拔草hm指甲油
被博主种草这么多东西买到手第一次觉得真的名副其实！真的好看！真的好涂！我手残据说超好涂的dior也要涂涂擦擦花起码三十分钟 这个 十分钟搞定！！好看的颜色实在太多了不知道下一瓶买哪个了",
昨天做的肩颈按摩疼了一晚上趴着睡的下周的Dior护理爱谁去谁去吧……,
"今年的dior喜欢吗
小怪兽 编制罗马靴
#切勿随意穿搭#",
俺的dior999到了啊啊啊啊啊啊啊啊啊啊啊,
"#邕圣祐#
飯制
Dior Homme Intense City
💘💘 pomeloforl的秒拍视频",
"【跨時代色彩美學！《Dior, The Art of Color》東京展覽開幕】經典彩妝經得起時代洗禮，即使數十載後，美麗、時尚依然永恆不變。网页链接",
不论来几次都要迷路地乱走…打个车还没摸出地址酒店就已经到啦。在这也只能买买Lamer和维生素…话说我又进入不专一状态，除了用Lamer几款觉得适合自己的，其他改用最近新宠Dior花蜜系列…这会吃几个生蚝，小酌两杯，第二天完美,
"黄轩的9项商业代言（大使）真正所属的集团公司。

卡萨帝-海尔
资生堂-资生堂
马蜂窝-马蜂窝
惠普-惠普
苏泊尔-苏泊尔
Dior-LVMH
圣培露-雀巢
博朗-宝洁
海上牧云记手游-网易

品牌只是台前的一个标志，决定品牌发展规划的都是后面的公司高层，包括这个牌子要不要存活下去、走什么路线、签不签代言人以 ...全文",
"#杰斯君猫步游# | Christian Dior Fall 1997
21年前，John Galliano带领Dior邂逅东方迷情。整个系列中看到有改良的婉约旗袍，加入戏剧化的妆容诠释这西方之眼中的老上海。非常美~
#不言不语都是好风景#
Xavier杰斯君的秒拍视频",
#炫酷电影君# #陈飞宇0409生日快乐# 他是《秘果》里心思细腻的段柏文，他是《将夜》里洒脱不羁的宁缺，他是Dior最年轻的千禧大使，他是青春里最美好的@陈飞宇Arthur 18岁生日快乐！#秒拍# 陈飞宇工作室的秒拍视频,
"我好老土现在才拔草hm指甲油
被博主种草这么多东西买到手第一次觉得真的名副其实！真的好看！真的好涂！我手残据说超好涂的dior也要涂涂擦擦花起码三十分钟 这个 十分钟搞定！！好看的颜色实在太多了不知道下一瓶买哪个了",
"我现在的梦想是
纪梵希资生堂nars欧莱雅阿玛尼贝玲妃芭比布朗ud ct Dior 爸爸们看看我
这里有一个小可爱哈哈哈哈哈哈哈
（每月一求哈哈哈哈）",
"#angelababy##angelababy能量月#

“从前的日色变得慢 车马邮件变很慢 一生只够爱一人。”

您就是人间绝色@angelababy

329Dior活动图修图 x 6‖禁二改商用上传转载勿打原创",
"不久这些以Dylan Roques为首的Kris Van Assche麾下的一部分Dior Boyz都将成为Berluti Boyz。
K叔在DiorHomme的最后一季，让这些小嫩男模拍的主题广宣：红玫瑰与美少年、天空气球与纯净少年、雷鬼少年、Forever Young主题的FW18Show创意好又养眼。 蒙奇奇酱的秒拍视频",
今天涂的mac棒棒糖唇釉 Resilient rouge ~好好看! 断了我再买口红的念头 哈哈哈哈哈哈哈顺便夸下Dior744 真的是最最爱了,
#时尚课堂# 【独家揭秘】@Dior迪奥 BOOK TOTE手袋首次登场是在二零一八春夏成衣系列发布秀上，可以说是夏日出街的吸睛利器了。这样一款让人愉悦的手袋是如何制作完成的呢？新浪时尚带你走进高级时装屋工坊，独家呈现这款手袋的精美制作全过程>>>独家：DIOR手袋是如何诞生的 FUNer视频的秒拍视频,
昨天做的肩颈按摩疼了一晚上趴着睡的下周的Dior护理爱谁去谁去吧……,
"今年的dior喜欢吗
小怪兽 编制罗马靴
#切勿随意穿搭#",
俺的dior999到了啊啊啊啊啊啊啊啊啊啊啊,
"#邕圣祐#
飯制
Dior Homme Intense City
💘💘 pomeloforl的秒拍视频",
昨天做的肩颈按摩疼了一晚上趴着睡的下周的Dior护理爱谁去谁去吧……,
"今年的dior喜欢吗
小怪兽 编制罗马靴
#切勿随意穿搭#",
俺的dior999到了啊啊啊啊啊啊啊啊啊啊啊,
"#邕圣祐#
飯制
Dior Homme Intense City
💘💘 pomeloforl的秒拍视频",
"【跨時代色彩美學！《Dior, The Art of Color》東京展覽開幕】經典彩妝經得起時代洗禮，即使數十載後，美麗、時尚依然永恆不變。网页链接",
不论来几次都要迷路地乱走…打个车还没摸出地址酒店就已经到啦。在这也只能买买Lamer和维生素…话说我又进入不专一状态，除了用Lamer几款觉得适合自己的，其他改用最近新宠Dior花蜜系列…这会吃几个生蚝，小酌两杯，第二天完美,
"黄轩的9项商业代言（大使）真正所属的集团公司。

卡萨帝-海尔
资生堂-资生堂
马蜂窝-马蜂窝
惠普-惠普
苏泊尔-苏泊尔
Dior-LVMH
圣培露-雀巢
博朗-宝洁
海上牧云记手游-网易

品牌只是台前的一个标志，决定品牌发展规划的都是后面的公司高层，包括这个牌子要不要存活下去、走什么路线、签不签代言人以 ...全文",
"#杰斯君猫步游# | Christian Dior Fall 1997
21年前，John Galliano带领Dior邂逅东方迷情。整个系列中看到有改良的婉约旗袍，加入戏剧化的妆容诠释这西方之眼中的老上海。非常美~
#不言不语都是好风景#
Xavier杰斯君的秒拍视频",
#炫酷电影君# #陈飞宇0409生日快乐# 他是《秘果》里心思细腻的段柏文，他是《将夜》里洒脱不羁的宁缺，他是Dior最年轻的千禧大使，他是青春里最美好的@陈飞宇Arthur 18岁生日快乐！#秒拍# 陈飞宇工作室的秒拍视频,
"我好老土现在才拔草hm指甲油
被博主种草这么多东西买到手第一次觉得真的名副其实！真的好看！真的好涂！我手残据说超好涂的dior也要涂涂擦擦花起码三十分钟 这个 十分钟搞定！！好看的颜色实在太多了不知道下一瓶买哪个了",
昨天做的肩颈按摩疼了一晚上趴着睡的下周的Dior护理爱谁去谁去吧……,
"今年的dior喜欢吗
小怪兽 编制罗马靴
#切勿随意穿搭#",
俺的dior999到了啊啊啊啊啊啊啊啊啊啊啊,
"#邕圣祐#
飯制
Dior Homme Intense City
💘💘 pomeloforl的秒拍视频",
"【跨時代色彩美學！《Dior, The Art of Color》東京展覽開幕】經典彩妝經得起時代洗禮，即使數十載後，美麗、時尚依然永恆不變。网页链接",
不论来几次都要迷路地乱走…打个车还没摸出地址酒店就已经到啦。在这也只能买买Lamer和维生素…话说我又进入不专一状态，除了用Lamer几款觉得适合自己的，其他改用最近新宠Dior花蜜系列…这会吃几个生蚝，小酌两杯，第二天完美,
"黄轩的9项商业代言（大使）真正所属的集团公司。

卡萨帝-海尔
资生堂-资生堂
马蜂窝-马蜂窝
惠普-惠普
苏泊尔-苏泊尔
Dior-LVMH
圣培露-雀巢
博朗-宝洁
海上牧云记手游-网易

品牌只是台前的一个标志，决定品牌发展规划的都是后面的公司高层，包括这个牌子要不要存活下去、走什么路线、签不签代言人以 ...全文",
"#杰斯君猫步游# | Christian Dior Fall 1997
21年前，John Galliano带领Dior邂逅东方迷情。整个系列中看到有改良的婉约旗袍，加入戏剧化的妆容诠释这西方之眼中的老上海。非常美~
#不言不语都是好风景#
Xavier杰斯君的秒拍视频",
#炫酷电影君# #陈飞宇0409生日快乐# 他是《秘果》里心思细腻的段柏文，他是《将夜》里洒脱不羁的宁缺，他是Dior最年轻的千禧大使，他是青春里最美好的@陈飞宇Arthur 18岁生日快乐！#秒拍# 陈飞宇工作室的秒拍视频,
"我好老土现在才拔草hm指甲油
被博主种草这么多东西买到手第一次觉得真的名副其实！真的好看！真的好涂！我手残据说超好涂的dior也要涂涂擦擦花起码三十分钟 这个 十分钟搞定！！好看的颜色实在太多了不知道下一瓶买哪个了",
昨天做的肩颈按摩疼了一晚上趴着睡的下周的Dior护理爱谁去谁去吧……,
"今年的dior喜欢吗
小怪兽 编制罗马靴
#切勿随意穿搭#",
俺的dior999到了啊啊啊啊啊啊啊啊啊啊啊,
"#邕圣祐#
飯制
Dior Homme Intense City
💘💘 pomeloforl的秒拍视频",
"【跨時代色彩美學！《Dior, The Art of Color》東京展覽開幕】經典彩妝經得起時代洗禮，即使數十載後，美麗、時尚依然永恆不變。网页链接",
不论来几次都要迷路地乱走…打个车还没摸出地址酒店就已经到啦。在这也只能买买Lamer和维生素…话说我又进入不专一状态，除了用Lamer几款觉得适合自己的，其他改用最近新宠Dior花蜜系列…这会吃几个生蚝，小酌两杯，第二天完美,
"黄轩的9项商业代言（大使）真正所属的集团公司。

卡萨帝-海尔
资生堂-资生堂
马蜂窝-马蜂窝
惠普-惠普
苏泊尔-苏泊尔
Dior-LVMH
圣培露-雀巢
博朗-宝洁
海上牧云记手游-网易

品牌只是台前的一个标志，决定品牌发展规划的都是后面的公司高层，包括这个牌子要不要存活下去、走什么路线、签不签代言人以 ...全文",
"#杰斯君猫步游# | Christian Dior Fall 1997
21年前，John Galliano带领Dior邂逅东方迷情。整个系列中看到有改良的婉约旗袍，加入戏剧化的妆容诠释这西方之眼中的老上海。非常美~
#不言不语都是好风景#
Xavier杰斯君的秒拍视频",
#炫酷电影君# #陈飞宇0409生日快乐# 他是《秘果》里心思细腻的段柏文，他是《将夜》里洒脱不羁的宁缺，他是Dior最年轻的千禧大使，他是青春里最美好的@陈飞宇Arthur 18岁生日快乐！#秒拍# 陈飞宇工作室的秒拍视频,
"我好老土现在才拔草hm指甲油
被博主种草这么多东西买到手第一次觉得真的名副其实！真的好看！真的好涂！我手残据说超好涂的dior也要涂涂擦擦花起码三十分钟 这个 十分钟搞定！！好看的颜色实在太多了不知道下一瓶买哪个了",
"我现在的梦想是
纪梵希资生堂nars欧莱雅阿玛尼贝玲妃芭比布朗ud ct Dior 爸爸们看看我
这里有一个小可爱哈哈哈哈哈哈哈
（每月一求哈哈哈哈）",
"#angelababy##angelababy能量月#

“从前的日色变得慢 车马邮件变很慢 一生只够爱一人。”

您就是人间绝色@angelababy

329Dior活动图修图 x 6‖禁二改商用上传转载勿打原创",
"不久这些以Dylan Roques为首的Kris Van Assche麾下的一部分Dior Boyz都将成为Berluti Boyz。
K叔在DiorHomme的最后一季，让这些小嫩男模拍的主题广宣：红玫瑰与美少年、天空气球与纯净少年、雷鬼少年、Forever Young主题的FW18Show创意好又养眼。 蒙奇奇酱的秒拍视频",
今天涂的mac棒棒糖唇釉 Resilient rouge ~好好看! 断了我再买口红的念头 哈哈哈哈哈哈哈顺便夸下Dior744 真的是最最爱了,
#时尚课堂# 【独家揭秘】@Dior迪奥 BOOK TOTE手袋首次登场是在二零一八春夏成衣系列发布秀上，可以说是夏日出街的吸睛利器了。这样一款让人愉悦的手袋是如何制作完成的呢？新浪时尚带你走进高级时装屋工坊，独家呈现这款手袋的精美制作全过程>>>独家：DIOR手袋是如何诞生的 FUNer视频的秒拍视频,
昨天做的肩颈按摩疼了一晚上趴着睡的下周的Dior护理爱谁去谁去吧……,
"今年的dior喜欢吗
小怪兽 编制罗马靴
#切勿随意穿搭#",
俺的dior999到了啊啊啊啊啊啊啊啊啊啊啊,
"#邕圣祐#
飯制
Dior Homme Intense City
💘💘 pomeloforl的秒拍视频",
"我现在的梦想是
纪梵希资生堂nars欧莱雅阿玛尼贝玲妃芭比布朗ud ct Dior 爸爸们看看我
这里有一个小可爱哈哈哈哈哈哈哈
（每月一求哈哈哈哈）",
"#angelababy##angelababy能量月#

“从前的日色变得慢 车马邮件变很慢 一生只够爱一人。”

您就是人间绝色@angelababy

329Dior活动图修图 x 6‖禁二改商用上传转载勿打原创",
"不久这些以Dylan Roques为首的Kris Van Assche麾下的一部分Dior Boyz都将成为Berluti Boyz。
K叔在DiorHomme的最后一季，让这些小嫩男模拍的主题广宣：红玫瑰与美少年、天空气球与纯净少年、雷鬼少年、Forever Young主题的FW18Show创意好又养眼。 蒙奇奇酱的秒拍视频",
今天涂的mac棒棒糖唇釉 Resilient rouge ~好好看! 断了我再买口红的念头 哈哈哈哈哈哈哈顺便夸下Dior744 真的是最最爱了,
#时尚课堂# 【独家揭秘】@Dior迪奥 BOOK TOTE手袋首次登场是在二零一八春夏成衣系列发布秀上，可以说是夏日出街的吸睛利器了。这样一款让人愉悦的手袋是如何制作完成的呢？新浪时尚带你走进高级时装屋工坊，独家呈现这款手袋的精美制作全过程>>>独家：DIOR手袋是如何诞生的 FUNer视频的秒拍视频,
昨天做的肩颈按摩疼了一晚上趴着睡的下周的Dior护理爱谁去谁去吧……,
"今年的dior喜欢吗
小怪兽 编制罗马靴
#切勿随意穿搭#",
俺的dior999到了啊啊啊啊啊啊啊啊啊啊啊,
"#邕圣祐#
飯制
Dior Homme Intense City
💘💘 pomeloforl的秒拍视频",
昨天做的肩颈按摩疼了一晚上趴着睡的下周的Dior护理爱谁去谁去吧……,
"今年的dior喜欢吗
小怪兽 编制罗马靴
#切勿随意穿搭#",
俺的dior999到了啊啊啊啊啊啊啊啊啊啊啊,
"#邕圣祐#
飯制
Dior Homme Intense City
💘💘 pomeloforl的秒拍视频",
"【跨時代色彩美學！《Dior, The Art of Color》東京展覽開幕】經典彩妝經得起時代洗禮，即使數十載後，美麗、時尚依然永恆不變。网页链接",
不论来几次都要迷路地乱走…打个车还没摸出地址酒店就已经到啦。在这也只能买买Lamer和维生素…话说我又进入不专一状态，除了用Lamer几款觉得适合自己的，其他改用最近新宠Dior花蜜系列…这会吃几个生蚝，小酌两杯，第二天完美,
"黄轩的9项商业代言（大使）真正所属的集团公司。

卡萨帝-海尔
资生堂-资生堂
马蜂窝-马蜂窝
惠普-惠普
苏泊尔-苏泊尔
Dior-LVMH
圣培露-雀巢
博朗-宝洁
海上牧云记手游-网易

品牌只是台前的一个标志，决定品牌发展规划的都是后面的公司高层，包括这个牌子要不要存活下去、走什么路线、签不签代言人以 ...全文",
"#杰斯君猫步游# | Christian Dior Fall 1997
21年前，John Galliano带领Dior邂逅东方迷情。整个系列中看到有改良的婉约旗袍，加入戏剧化的妆容诠释这西方之眼中的老上海。非常美~
#不言不语都是好风景#
Xavier杰斯君的秒拍视频",
#炫酷电影君# #陈飞宇0409生日快乐# 他是《秘果》里心思细腻的段柏文，他是《将夜》里洒脱不羁的宁缺，他是Dior最年轻的千禧大使，他是青春里最美好的@陈飞宇Arthur 18岁生日快乐！#秒拍# 陈飞宇工作室的秒拍视频,
"我好老土现在才拔草hm指甲油
被博主种草这么多东西买到手第一次觉得真的名副其实！真的好看！真的好涂！我手残据说超好涂的dior也要涂涂擦擦花起码三十分钟 这个 十分钟搞定！！好看的颜色实在太多了不知道下一瓶买哪个了",
昨天做的肩颈按摩疼了一晚上趴着睡的下周的Dior护理爱谁去谁去吧……,
"今年的dior喜欢吗
小怪兽 编制罗马靴
#切勿随意穿搭#",
俺的dior999到了啊啊啊啊啊啊啊啊啊啊啊,
"#邕圣祐#
飯制
Dior Homme Intense City
💘💘 pomeloforl的秒拍视频",
"【跨時代色彩美學！《Dior, The Art of Color》東京展覽開幕】經典彩妝經得起時代洗禮，即使數十載後，美麗、時尚依然永恆不變。网页链接",
不论来几次都要迷路地乱走…打个车还没摸出地址酒店就已经到啦。在这也只能买买Lamer和维生素…话说我又进入不专一状态，除了用Lamer几款觉得适合自己的，其他改用最近新宠Dior花蜜系列…这会吃几个生蚝，小酌两杯，第二天完美,
"黄轩的9项商业代言（大使）真正所属的集团公司。

卡萨帝-海尔
资生堂-资生堂
马蜂窝-马蜂窝
惠普-惠普
苏泊尔-苏泊尔
Dior-LVMH
圣培露-雀巢
博朗-宝洁
海上牧云记手游-网易

品牌只是台前的一个标志，决定品牌发展规划的都是后面的公司高层，包括这个牌子要不要存活下去、走什么路线、签不签代言人以 ...全文",
"#杰斯君猫步游# | Christian Dior Fall 1997
21年前，John Galliano带领Dior邂逅东方迷情。整个系列中看到有改良的婉约旗袍，加入戏剧化的妆容诠释这西方之眼中的老上海。非常美~
#不言不语都是好风景#
Xavier杰斯君的秒拍视频",
#炫酷电影君# #陈飞宇0409生日快乐# 他是《秘果》里心思细腻的段柏文，他是《将夜》里洒脱不羁的宁缺，他是Dior最年轻的千禧大使，他是青春里最美好的@陈飞宇Arthur 18岁生日快乐！#秒拍# 陈飞宇工作室的秒拍视频,
"我好老土现在才拔草hm指甲油
被博主种草这么多东西买到手第一次觉得真的名副其实！真的好看！真的好涂！我手残据说超好涂的dior也要涂涂擦擦花起码三十分钟 这个 十分钟搞定！！好看的颜色实在太多了不知道下一瓶买哪个了",
"我现在的梦想是
纪梵希资生堂nars欧莱雅阿玛尼贝玲妃芭比布朗ud ct Dior 爸爸们看看我
这里有一个小可爱哈哈哈哈哈哈哈
（每月一求哈哈哈哈）",
"#angelababy##angelababy能量月#

“从前的日色变得慢 车马邮件变很慢 一生只够爱一人。”

您就是人间绝色@angelababy

329Dior活动图修图 x 6‖禁二改商用上传转载勿打原创",
"不久这些以Dylan Roques为首的Kris Van Assche麾下的一部分Dior Boyz都将成为Berluti Boyz。
K叔在DiorHomme的最后一季，让这些小嫩男模拍的主题广宣：红玫瑰与美少年、天空气球与纯净少年、雷鬼少年、Forever Young主题的FW18Show创意好又养眼。 蒙奇奇酱的秒拍视频",
今天涂的mac棒棒糖唇釉 Resilient rouge ~好好看! 断了我再买口红的念头 哈哈哈哈哈哈哈顺便夸下Dior744 真的是最最爱了,
#时尚课堂# 【独家揭秘】@Dior迪奥 BOOK TOTE手袋首次登场是在二零一八春夏成衣系列发布秀上，可以说是夏日出街的吸睛利器了。这样一款让人愉悦的手袋是如何制作完成的呢？新浪时尚带你走进高级时装屋工坊，独家呈现这款手袋的精美制作全过程>>>独家：DIOR手袋是如何诞生的 FUNer视频的秒拍视频,
昨天做的肩颈按摩疼了一晚上趴着睡的下周的Dior护理爱谁去谁去吧……,
"今年的dior喜欢吗
小怪兽 编制罗马靴
#切勿随意穿搭#",
俺的dior999到了啊啊啊啊啊啊啊啊啊啊啊,
"#邕圣祐#
飯制
Dior Homme Intense City
💘💘 pomeloforl的秒拍视频",
昨天做的肩颈按摩疼了一晚上趴着睡的下周的Dior护理爱谁去谁去吧……,
"今年的dior喜欢吗
小怪兽 编制罗马靴
#切勿随意穿搭#",
俺的dior999到了啊啊啊啊啊啊啊啊啊啊啊,
"#邕圣祐#
飯制
Dior Homme Intense City
💘💘 pomeloforl的秒拍视频",
"【跨時代色彩美學！《Dior, The Art of Color》東京展覽開幕】經典彩妝經得起時代洗禮，即使數十載後，美麗、時尚依然永恆不變。网页链接",
不论来几次都要迷路地乱走…打个车还没摸出地址酒店就已经到啦。在这也只能买买Lamer和维生素…话说我又进入不专一状态，除了用Lamer几款觉得适合自己的，其他改用最近新宠Dior花蜜系列…这会吃几个生蚝，小酌两杯，第二天完美,
"黄轩的9项商业代言（大使）真正所属的集团公司。

卡萨帝-海尔
资生堂-资生堂
马蜂窝-马蜂窝
惠普-惠普
苏泊尔-苏泊尔
Dior-LVMH
圣培露-雀巢
博朗-宝洁
海上牧云记手游-网易

品牌只是台前的一个标志，决定品牌发展规划的都是后面的公司高层，包括这个牌子要不要存活下去、走什么路线、签不签代言人以 ...全文",
"#杰斯君猫步游# | Christian Dior Fall 1997
21年前，John Galliano带领Dior邂逅东方迷情。整个系列中看到有改良的婉约旗袍，加入戏剧化的妆容诠释这西方之眼中的老上海。非常美~
#不言不语都是好风景#
Xavier杰斯君的秒拍视频",
#炫酷电影君# #陈飞宇0409生日快乐# 他是《秘果》里心思细腻的段柏文，他是《将夜》里洒脱不羁的宁缺，他是Dior最年轻的千禧大使，他是青春里最美好的@陈飞宇Arthur 18岁生日快乐！#秒拍# 陈飞宇工作室的秒拍视频,
"我好老土现在才拔草hm指甲油
被博主种草这么多东西买到手第一次觉得真的名副其实！真的好看！真的好涂！我手残据说超好涂的dior也要涂涂擦擦花起码三十分钟 这个 十分钟搞定！！好看的颜色实在太多了不知道下一瓶买哪个了",
"我现在的梦想是
纪梵希资生堂nars欧莱雅阿玛尼贝玲妃芭比布朗ud ct Dior 爸爸们看看我
这里有一个小可爱哈哈哈哈哈哈哈
（每月一求哈哈哈哈）",
"#angelababy##angelababy能量月#

“从前的日色变得慢 车马邮件变很慢 一生只够爱一人。”

您就是人间绝色@angelababy

329Dior活动图修图 x 6‖禁二改商用上传转载勿打原创",
"不久这些以Dylan Roques为首的Kris Van Assche麾下的一部分Dior Boyz都将成为Berluti Boyz。
K叔在DiorHomme的最后一季，让这些小嫩男模拍的主题广宣：红玫瑰与美少年、天空气球与纯净少年、雷鬼少年、Forever Young主题的FW18Show创意好又养眼。 蒙奇奇酱的秒拍视频",
今天涂的mac棒棒糖唇釉 Resilient rouge ~好好看! 断了我再买口红的念头 哈哈哈哈哈哈哈顺便夸下Dior744 真的是最最爱了,
#时尚课堂# 【独家揭秘】@Dior迪奥 BOOK TOTE手袋首次登场是在二零一八春夏成衣系列发布秀上，可以说是夏日出街的吸睛利器了。这样一款让人愉悦的手袋是如何制作完成的呢？新浪时尚带你走进高级时装屋工坊，独家呈现这款手袋的精美制作全过程>>>独家：DIOR手袋是如何诞生的 FUNer视频的秒拍视频,
昨天做的肩颈按摩疼了一晚上趴着睡的下周的Dior护理爱谁去谁去吧……,
"今年的dior喜欢吗
小怪兽 编制罗马靴
#切勿随意穿搭#",
俺的dior999到了啊啊啊啊啊啊啊啊啊啊啊,
"#邕圣祐#
飯制
Dior Homme Intense City
💘💘 pomeloforl的秒拍视频",
昨天做的肩颈按摩疼了一晚上趴着睡的下周的Dior护理爱谁去谁去吧……,
"今年的dior喜欢吗
小怪兽 编制罗马靴
#切勿随意穿搭#",
俺的dior999到了啊啊啊啊啊啊啊啊啊啊啊,
"#邕圣祐#
飯制
Dior Homme Intense City
💘💘 pomeloforl的秒拍视频",
"【跨時代色彩美學！《Dior, The Art of Color》東京展覽開幕】經典彩妝經得起時代洗禮，即使數十載後，美麗、時尚依然永恆不變。网页链接",
不论来几次都要迷路地乱走…打个车还没摸出地址酒店就已经到啦。在这也只能买买Lamer和维生素…话说我又进入不专一状态，除了用Lamer几款觉得适合自己的，其他改用最近新宠Dior花蜜系列…这会吃几个生蚝，小酌两杯，第二天完美,
"黄轩的9项商业代言（大使）真正所属的集团公司。

卡萨帝-海尔
资生堂-资生堂
马蜂窝-马蜂窝
惠普-惠普
苏泊尔-苏泊尔
Dior-LVMH
圣培露-雀巢
博朗-宝洁
海上牧云记手游-网易

品牌只是台前的一个标志，决定品牌发展规划的都是后面的公司高层，包括这个牌子要不要存活下去、走什么路线、签不签代言人以 ...全文",
"#杰斯君猫步游# | Christian Dior Fall 1997
21年前，John Galliano带领Dior邂逅东方迷情。整个系列中看到有改良的婉约旗袍，加入戏剧化的妆容诠释这西方之眼中的老上海。非常美~
#不言不语都是好风景#
Xavier杰斯君的秒拍视频",
#炫酷电影君# #陈飞宇0409生日快乐# 他是《秘果》里心思细腻的段柏文，他是《将夜》里洒脱不羁的宁缺，他是Dior最年轻的千禧大使，他是青春里最美好的@陈飞宇Arthur 18岁生日快乐！#秒拍# 陈飞宇工作室的秒拍视频,
"我好老土现在才拔草hm指甲油
被博主种草这么多东西买到手第一次觉得真的名副其实！真的好看！真的好涂！我手残据说超好涂的dior也要涂涂擦擦花起码三十分钟 这个 十分钟搞定！！好看的颜色实在太多了不知道下一瓶买哪个了",
"我现在的梦想是
纪梵希资生堂nars欧莱雅阿玛尼贝玲妃芭比布朗ud ct Dior 爸爸们看看我
这里有一个小可爱哈哈哈哈哈哈哈
（每月一求哈哈哈哈）",
"#angelababy##angelababy能量月#

“从前的日色变得慢 车马邮件变很慢 一生只够爱一人。”

您就是人间绝色@angelababy

329Dior活动图修图 x 6‖禁二改商用上传转载勿打原创",
"不久这些以Dylan Roques为首的Kris Van Assche麾下的一部分Dior Boyz都将成为Berluti Boyz。
K叔在DiorHomme的最后一季，让这些小嫩男模拍的主题广宣：红玫瑰与美少年、天空气球与纯净少年、雷鬼少年、Forever Young主题的FW18Show创意好又养眼。 蒙奇奇酱的秒拍视频",
今天涂的mac棒棒糖唇釉 Resilient rouge ~好好看! 断了我再买口红的念头 哈哈哈哈哈哈哈顺便夸下Dior744 真的是最最爱了,
#时尚课堂# 【独家揭秘】@Dior迪奥 BOOK TOTE手袋首次登场是在二零一八春夏成衣系列发布秀上，可以说是夏日出街的吸睛利器了。这样一款让人愉悦的手袋是如何制作完成的呢？新浪时尚带你走进高级时装屋工坊，独家呈现这款手袋的精美制作全过程>>>独家：DIOR手袋是如何诞生的 FUNer视频的秒拍视频,
昨天做的肩颈按摩疼了一晚上趴着睡的下周的Dior护理爱谁去谁去吧……,
"今年的dior喜欢吗
小怪兽 编制罗马靴
#切勿随意穿搭#",
俺的dior999到了啊啊啊啊啊啊啊啊啊啊啊,
"#邕圣祐#
飯制
Dior Homme Intense City
💘💘 pomeloforl的秒拍视频",
昨天做的肩颈按摩疼了一晚上趴着睡的下周的Dior护理爱谁去谁去吧……,
"今年的dior喜欢吗
小怪兽 编制罗马靴
#切勿随意穿搭#",
俺的dior999到了啊啊啊啊啊啊啊啊啊啊啊,
"#邕圣祐#
飯制
Dior Homme Intense City
💘💘 pomeloforl的秒拍视频",
"【跨時代色彩美學！《Dior, The Art of Color》東京展覽開幕】經典彩妝經得起時代洗禮，即使數十載後，美麗、時尚依然永恆不變。网页链接",
不论来几次都要迷路地乱走…打个车还没摸出地址酒店就已经到啦。在这也只能买买Lamer和维生素…话说我又进入不专一状态，除了用Lamer几款觉得适合自己的，其他改用最近新宠Dior花蜜系列…这会吃几个生蚝，小酌两杯，第二天完美,
"黄轩的9项商业代言（大使）真正所属的集团公司。

卡萨帝-海尔
资生堂-资生堂
马蜂窝-马蜂窝
惠普-惠普
苏泊尔-苏泊尔
Dior-LVMH
圣培露-雀巢
博朗-宝洁
海上牧云记手游-网易

品牌只是台前的一个标志，决定品牌发展规划的都是后面的公司高层，包括这个牌子要不要存活下去、走什么路线、签不签代言人以 ...全文",
"#杰斯君猫步游# | Christian Dior Fall 1997
21年前，John Galliano带领Dior邂逅东方迷情。整个系列中看到有改良的婉约旗袍，加入戏剧化的妆容诠释这西方之眼中的老上海。非常美~
#不言不语都是好风景#
Xavier杰斯君的秒拍视频",
#炫酷电影君# #陈飞宇0409生日快乐# 他是《秘果》里心思细腻的段柏文，他是《将夜》里洒脱不羁的宁缺，他是Dior最年轻的千禧大使，他是青春里最美好的@陈飞宇Arthur 18岁生日快乐！#秒拍# 陈飞宇工作室的秒拍视频,
"我好老土现在才拔草hm指甲油
被博主种草这么多东西买到手第一次觉得真的名副其实！真的好看！真的好涂！我手残据说超好涂的dior也要涂涂擦擦花起码三十分钟 这个 十分钟搞定！！好看的颜色实在太多了不知道下一瓶买哪个了",
昨天做的肩颈按摩疼了一晚上趴着睡的下周的Dior护理爱谁去谁去吧……,
"今年的dior喜欢吗
小怪兽 编制罗马靴
#切勿随意穿搭#",
俺的dior999到了啊啊啊啊啊啊啊啊啊啊啊,
"#邕圣祐#
飯制
Dior Homme Intense City
💘💘 pomeloforl的秒拍视频",
"【跨時代色彩美學！《Dior, The Art of Color》東京展覽開幕】經典彩妝經得起時代洗禮，即使數十載後，美麗、時尚依然永恆不變。网页链接",
不论来几次都要迷路地乱走…打个车还没摸出地址酒店就已经到啦。在这也只能买买Lamer和维生素…话说我又进入不专一状态，除了用Lamer几款觉得适合自己的，其他改用最近新宠Dior花蜜系列…这会吃几个生蚝，小酌两杯，第二天完美,
"黄轩的9项商业代言（大使）真正所属的集团公司。

卡萨帝-海尔
资生堂-资生堂
马蜂窝-马蜂窝
惠普-惠普
苏泊尔-苏泊尔
Dior-LVMH
圣培露-雀巢
博朗-宝洁
海上牧云记手游-网易

品牌只是台前的一个标志，决定品牌发展规划的都是后面的公司高层，包括这个牌子要不要存活下去、走什么路线、签不签代言人以 ...全文",
"#杰斯君猫步游# | Christian Dior Fall 1997
21年前，John Galliano带领Dior邂逅东方迷情。整个系列中看到有改良的婉约旗袍，加入戏剧化的妆容诠释这西方之眼中的老上海。非常美~
#不言不语都是好风景#
Xavier杰斯君的秒拍视频",
#炫酷电影君# #陈飞宇0409生日快乐# 他是《秘果》里心思细腻的段柏文，他是《将夜》里洒脱不羁的宁缺，他是Dior最年轻的千禧大使，他是青春里最美好的@陈飞宇Arthur 18岁生日快乐！#秒拍# 陈飞宇工作室的秒拍视频,
"我好老土现在才拔草hm指甲油
被博主种草这么多东西买到手第一次觉得真的名副其实！真的好看！真的好涂！我手残据说超好涂的dior也要涂涂擦擦花起码三十分钟 这个 十分钟搞定！！好看的颜色实在太多了不知道下一瓶买哪个了",
"我现在的梦想是
纪梵希资生堂nars欧莱雅阿玛尼贝玲妃芭比布朗ud ct Dior 爸爸们看看我
这里有一个小可爱哈哈哈哈哈哈哈
（每月一求哈哈哈哈）",
"#angelababy##angelababy能量月#

“从前的日色变得慢 车马邮件变很慢 一生只够爱一人。”

您就是人间绝色@angelababy

329Dior活动图修图 x 6‖禁二改商用上传转载勿打原创",
"不久这些以Dylan Roques为首的Kris Van Assche麾下的一部分Dior Boyz都将成为Berluti Boyz。
K叔在DiorHomme的最后一季，让这些小嫩男模拍的主题广宣：红玫瑰与美少年、天空气球与纯净少年、雷鬼少年、Forever Young主题的FW18Show创意好又养眼。 蒙奇奇酱的秒拍视频",
今天涂的mac棒棒糖唇釉 Resilient rouge ~好好看! 断了我再买口红的念头 哈哈哈哈哈哈哈顺便夸下Dior744 真的是最最爱了,
#时尚课堂# 【独家揭秘】@Dior迪奥 BOOK TOTE手袋首次登场是在二零一八春夏成衣系列发布秀上，可以说是夏日出街的吸睛利器了。这样一款让人愉悦的手袋是如何制作完成的呢？新浪时尚带你走进高级时装屋工坊，独家呈现这款手袋的精美制作全过程>>>独家：DIOR手袋是如何诞生的 FUNer视频的秒拍视频,
昨天做的肩颈按摩疼了一晚上趴着睡的下周的Dior护理爱谁去谁去吧……,
"今年的dior喜欢吗
小怪兽 编制罗马靴
#切勿随意穿搭#",
俺的dior999到了啊啊啊啊啊啊啊啊啊啊啊,
"#邕圣祐#
飯制
Dior Homme Intense City
💘💘 pomeloforl的秒拍视频",
"我现在的梦想是
纪梵希资生堂nars欧莱雅阿玛尼贝玲妃芭比布朗ud ct Dior 爸爸们看看我
这里有一个小可爱哈哈哈哈哈哈哈
（每月一求哈哈哈哈）",
"#angelababy##angelababy能量月#

“从前的日色变得慢 车马邮件变很慢 一生只够爱一人。”

您就是人间绝色@angelababy

329Dior活动图修图 x 6‖禁二改商用上传转载勿打原创",
"不久这些以Dylan Roques为首的Kris Van Assche麾下的一部分Dior Boyz都将成为Berluti Boyz。
K叔在DiorHomme的最后一季，让这些小嫩男模拍的主题广宣：红玫瑰与美少年、天空气球与纯净少年、雷鬼少年、Forever Young主题的FW18Show创意好又养眼。 蒙奇奇酱的秒拍视频",
今天涂的mac棒棒糖唇釉 Resilient rouge ~好好看! 断了我再买口红的念头 哈哈哈哈哈哈哈顺便夸下Dior744 真的是最最爱了,
#时尚课堂# 【独家揭秘】@Dior迪奥 BOOK TOTE手袋首次登场是在二零一八春夏成衣系列发布秀上，可以说是夏日出街的吸睛利器了。这样一款让人愉悦的手袋是如何制作完成的呢？新浪时尚带你走进高级时装屋工坊，独家呈现这款手袋的精美制作全过程>>>独家：DIOR手袋是如何诞生的 FUNer视频的秒拍视频,
昨天做的肩颈按摩疼了一晚上趴着睡的下周的Dior护理爱谁去谁去吧……,
"今年的dior喜欢吗
小怪兽 编制罗马靴
#切勿随意穿搭#",
俺的dior999到了啊啊啊啊啊啊啊啊啊啊啊,
"#邕圣祐#
飯制
Dior Homme Intense City
💘💘 pomeloforl的秒拍视频",
"我现在的梦想是
纪梵希资生堂nars欧莱雅阿玛尼贝玲妃芭比布朗ud ct Dior 爸爸们看看我
这里有一个小可爱哈哈哈哈哈哈哈
（每月一求哈哈哈哈）",
"#angelababy##angelababy能量月#

“从前的日色变得慢 车马邮件变很慢 一生只够爱一人。”

您就是人间绝色@angelababy

329Dior活动图修图 x 6‖禁二改商用上传转载勿打原创",
"不久这些以Dylan Roques为首的Kris Van Assche麾下的一部分Dior Boyz都将成为Berluti Boyz。
K叔在DiorHomme的最后一季，让这些小嫩男模拍的主题广宣：红玫瑰与美少年、天空气球与纯净少年、雷鬼少年、Forever Young主题的FW18Show创意好又养眼。 蒙奇奇酱的秒拍视频",
今天涂的mac棒棒糖唇釉 Resilient rouge ~好好看! 断了我再买口红的念头 哈哈哈哈哈哈哈顺便夸下Dior744 真的是最最爱了,
#时尚课堂# 【独家揭秘】@Dior迪奥 BOOK TOTE手袋首次登场是在二零一八春夏成衣系列发布秀上，可以说是夏日出街的吸睛利器了。这样一款让人愉悦的手袋是如何制作完成的呢？新浪时尚带你走进高级时装屋工坊，独家呈现这款手袋的精美制作全过程>>>独家：DIOR手袋是如何诞生的 FUNer视频的秒拍视频,
昨天做的肩颈按摩疼了一晚上趴着睡的下周的Dior护理爱谁去谁去吧……,
"今年的dior喜欢吗
小怪兽 编制罗马靴
#切勿随意穿搭#",
俺的dior999到了啊啊啊啊啊啊啊啊啊啊啊,
"#邕圣祐#
飯制
Dior Homme Intense City
💘💘 pomeloforl的秒拍视频",
"我现在的梦想是
纪梵希资生堂nars欧莱雅阿玛尼贝玲妃芭比布朗ud ct Dior 爸爸们看看我
这里有一个小可爱哈哈哈哈哈哈哈
（每月一求哈哈哈哈）",
"#angelababy##angelababy能量月#

“从前的日色变得慢 车马邮件变很慢 一生只够爱一人。”

您就是人间绝色@angelababy

329Dior活动图修图 x 6‖禁二改商用上传转载勿打原创",
"不久这些以Dylan Roques为首的Kris Van Assche麾下的一部分Dior Boyz都将成为Berluti Boyz。
K叔在DiorHomme的最后一季，让这些小嫩男模拍的主题广宣：红玫瑰与美少年、天空气球与纯净少年、雷鬼少年、Forever Young主题的FW18Show创意好又养眼。 蒙奇奇酱的秒拍视频",
今天涂的mac棒棒糖唇釉 Resilient rouge ~好好看! 断了我再买口红的念头 哈哈哈哈哈哈哈顺便夸下Dior744 真的是最最爱了,
#时尚课堂# 【独家揭秘】@Dior迪奥 BOOK TOTE手袋首次登场是在二零一八春夏成衣系列发布秀上，可以说是夏日出街的吸睛利器了。这样一款让人愉悦的手袋是如何制作完成的呢？新浪时尚带你走进高级时装屋工坊，独家呈现这款手袋的精美制作全过程>>>独家：DIOR手袋是如何诞生的 FUNer视频的秒拍视频,
昨天做的肩颈按摩疼了一晚上趴着睡的下周的Dior护理爱谁去谁去吧……,
"今年的dior喜欢吗
小怪兽 编制罗马靴
#切勿随意穿搭#",
俺的dior999到了啊啊啊啊啊啊啊啊啊啊啊,
"#邕圣祐#
飯制
Dior Homme Intense City
💘💘 pomeloforl的秒拍视频",
"我现在的梦想是
纪梵希资生堂nars欧莱雅阿玛尼贝玲妃芭比布朗ud ct Dior 爸爸们看看我
这里有一个小可爱哈哈哈哈哈哈哈
（每月一求哈哈哈哈）",
"#angelababy##angelababy能量月#

“从前的日色变得慢 车马邮件变很慢 一生只够爱一人。”

您就是人间绝色@angelababy

329Dior活动图修图 x 6‖禁二改商用上传转载勿打原创",
"不久这些以Dylan Roques为首的Kris Van Assche麾下的一部分Dior Boyz都将成为Berluti Boyz。
K叔在DiorHomme的最后一季，让这些小嫩男模拍的主题广宣：红玫瑰与美少年、天空气球与纯净少年、雷鬼少年、Forever Young主题的FW18Show创意好又养眼。 蒙奇奇酱的秒拍视频",
今天涂的mac棒棒糖唇釉 Resilient rouge ~好好看! 断了我再买口红的念头 哈哈哈哈哈哈哈顺便夸下Dior744 真的是最最爱了,
#时尚课堂# 【独家揭秘】@Dior迪奥 BOOK TOTE手袋首次登场是在二零一八春夏成衣系列发布秀上，可以说是夏日出街的吸睛利器了。这样一款让人愉悦的手袋是如何制作完成的呢？新浪时尚带你走进高级时装屋工坊，独家呈现这款手袋的精美制作全过程>>>独家：DIOR手袋是如何诞生的 FUNer视频的秒拍视频,
昨天做的肩颈按摩疼了一晚上趴着睡的下周的Dior护理爱谁去谁去吧……,
"今年的dior喜欢吗
小怪兽 编制罗马靴
#切勿随意穿搭#",
俺的dior999到了啊啊啊啊啊啊啊啊啊啊啊,
"#邕圣祐#
飯制
Dior Homme Intense City
💘💘 pomeloforl的秒拍视频",
"我现在的梦想是
纪梵希资生堂nars欧莱雅阿玛尼贝玲妃芭比布朗ud ct Dior 爸爸们看看我
这里有一个小可爱哈哈哈哈哈哈哈
（每月一求哈哈哈哈）",
"#angelababy##angelababy能量月#

“从前的日色变得慢 车马邮件变很慢 一生只够爱一人。”

您就是人间绝色@angelababy

329Dior活动图修图 x 6‖禁二改商用上传转载勿打原创",
"不久这些以Dylan Roques为首的Kris Van Assche麾下的一部分Dior Boyz都将成为Berluti Boyz。
K叔在DiorHomme的最后一季，让这些小嫩男模拍的主题广宣：红玫瑰与美少年、天空气球与纯净少年、雷鬼少年、Forever Young主题的FW18Show创意好又养眼。 蒙奇奇酱的秒拍视频",
今天涂的mac棒棒糖唇釉 Resilient rouge ~好好看! 断了我再买口红的念头 哈哈哈哈哈哈哈顺便夸下Dior744 真的是最最爱了,
#时尚课堂# 【独家揭秘】@Dior迪奥 BOOK TOTE手袋首次登场是在二零一八春夏成衣系列发布秀上，可以说是夏日出街的吸睛利器了。这样一款让人愉悦的手袋是如何制作完成的呢？新浪时尚带你走进高级时装屋工坊，独家呈现这款手袋的精美制作全过程>>>独家：DIOR手袋是如何诞生的 FUNer视频的秒拍视频,
昨天做的肩颈按摩疼了一晚上趴着睡的下周的Dior护理爱谁去谁去吧……,
"今年的dior喜欢吗
小怪兽 编制罗马靴
#切勿随意穿搭#",
俺的dior999到了啊啊啊啊啊啊啊啊啊啊啊,
"#邕圣祐#
飯制
Dior Homme Intense City
💘💘 pomeloforl的秒拍视频",
"我现在的梦想是
纪梵希资生堂nars欧莱雅阿玛尼贝玲妃芭比布朗ud ct Dior 爸爸们看看我
这里有一个小可爱哈哈哈哈哈哈哈
（每月一求哈哈哈哈）",
"#angelababy##angelababy能量月#

“从前的日色变得慢 车马邮件变很慢 一生只够爱一人。”

您就是人间绝色@angelababy

329Dior活动图修图 x 6‖禁二改商用上传转载勿打原创",
"不久这些以Dylan Roques为首的Kris Van Assche麾下的一部分Dior Boyz都将成为Berluti Boyz。
K叔在DiorHomme的最后一季，让这些小嫩男模拍的主题广宣：红玫瑰与美少年、天空气球与纯净少年、雷鬼少年、Forever Young主题的FW18Show创意好又养眼。 蒙奇奇酱的秒拍视频",
今天涂的mac棒棒糖唇釉 Resilient rouge ~好好看! 断了我再买口红的念头 哈哈哈哈哈哈哈顺便夸下Dior744 真的是最最爱了,
#时尚课堂# 【独家揭秘】@Dior迪奥 BOOK TOTE手袋首次登场是在二零一八春夏成衣系列发布秀上，可以说是夏日出街的吸睛利器了。这样一款让人愉悦的手袋是如何制作完成的呢？新浪时尚带你走进高级时装屋工坊，独家呈现这款手袋的精美制作全过程>>>独家：DIOR手袋是如何诞生的 FUNer视频的秒拍视频,
昨天做的肩颈按摩疼了一晚上趴着睡的下周的Dior护理爱谁去谁去吧……,
"今年的dior喜欢吗
小怪兽 编制罗马靴
#切勿随意穿搭#",
俺的dior999到了啊啊啊啊啊啊啊啊啊啊啊,
"#邕圣祐#
飯制
Dior Homme Intense City
💘💘 pomeloforl的秒拍视频",
昨天做的肩颈按摩疼了一晚上趴着睡的下周的Dior护理爱谁去谁去吧……,
"今年的dior喜欢吗
小怪兽 编制罗马靴
#切勿随意穿搭#",
俺的dior999到了啊啊啊啊啊啊啊啊啊啊啊,
"#邕圣祐#
飯制
Dior Homme Intense City
💘💘 pomeloforl的秒拍视频",
"【跨時代色彩美學！《Dior, The Art of Color》東京展覽開幕】經典彩妝經得起時代洗禮，即使數十載後，美麗、時尚依然永恆不變。网页链接",
不论来几次都要迷路地乱走…打个车还没摸出地址酒店就已经到啦。在这也只能买买Lamer和维生素…话说我又进入不专一状态，除了用Lamer几款觉得适合自己的，其他改用最近新宠Dior花蜜系列…这会吃几个生蚝，小酌两杯，第二天完美,
"黄轩的9项商业代言（大使）真正所属的集团公司。

卡萨帝-海尔
资生堂-资生堂
马蜂窝-马蜂窝
惠普-惠普
苏泊尔-苏泊尔
Dior-LVMH
圣培露-雀巢
博朗-宝洁
海上牧云记手游-网易

品牌只是台前的一个标志，决定品牌发展规划的都是后面的公司高层，包括这个牌子要不要存活下去、走什么路线、签不签代言人以 ...全文",
"#杰斯君猫步游# | Christian Dior Fall 1997
21年前，John Galliano带领Dior邂逅东方迷情。整个系列中看到有改良的婉约旗袍，加入戏剧化的妆容诠释这西方之眼中的老上海。非常美~
#不言不语都是好风景#
Xavier杰斯君的秒拍视频",
#炫酷电影君# #陈飞宇0409生日快乐# 他是《秘果》里心思细腻的段柏文，他是《将夜》里洒脱不羁的宁缺，他是Dior最年轻的千禧大使，他是青春里最美好的@陈飞宇Arthur 18岁生日快乐！#秒拍# 陈飞宇工作室的秒拍视频,
"我好老土现在才拔草hm指甲油
被博主种草这么多东西买到手第一次觉得真的名副其实！真的好看！真的好涂！我手残据说超好涂的dior也要涂涂擦擦花起码三十分钟 这个 十分钟搞定！！好看的颜色实在太多了不知道下一瓶买哪个了",
发布了头条文章《Dior lady戴妃包》美羊羊麦包包因为我始终拥有最初的心动，总想让心定情淡三格烫钻吹来了你的塔罗系列却怎么也无法让情不驿动，所有的深情便会在我心里默默延展。怨只怨，当初君风华钟情之际，我却无缘识君；惜只惜，如今我执着怀爱之时，君心却另有所属。,